Class,Duration,Total_Packets,Total_Bytes,Load,Rate
0,4.006807,3,180,239.592285,0.499151
0,0,1,153,0,0
0,0,1,60,0,0
0,0,1,60,0,0
0,0.000244,2,102,0,4098.36084
0,0.001854,2,452,0,539.374329
0,0.001714,2,304,0,583.430542
0,0.117154,9,951,50053.77344,68.286186
0,0.116908,9,951,50159.10156,68.429878
0,0.000758,2,380,0,1319.26123
0,0.000515,2,312,0,1941.747437
0,0.156759,9,1398,54555.08203,51.033756
0,0.151726,9,1398,56364.76563,52.726627
0,0.00064,2,308,0,1562.5
0,0.000608,2,320,0,1644.736938
0,0.16118,9,1395,52959.42188,49.633949
0,0.163041,9,1395,52354.92969,49.067413
0,0.000564,2,227,0,1773.049683
0,0.000491,2,239,0,2036.65979
0,0.58722,10,925,10095.02344,15.326453
0,0.600207,10,925,9876.592773,14.994827
0,0.883499,18,3391,27472.58203,19.241674
0,0.858635,18,3391,28268.12305,19.798866
0,0.001842,2,461,0,542.888123
0,0.043031,2,313,0,23.239061
0,0.143099,9,807,34940.84766,55.905354
0,0.145,9,807,34482.75781,55.172417
0,0.000661,2,496,0,1512.859253
0,0.000534,2,348,0,1872.65918
0,0.416265,9,1334,19622.11523,19.218527
0,0.445424,9,1334,18337.58398,17.960415
0,0.002094,2,424,0,477.554901
0,0.001305,2,199,0,766.283508
0,0.313525,10,917,18754.48633,28.705845
0,0.312403,10,917,18821.8418,28.808943
0,0.075107,2,341,0,13.314338
0,0.062264,2,341,0,16.060646
0,0.038545,2,381,0,25.943701
0,0.038534,2,381,0,25.951107
0,0.157238,9,1407,54745.03516,50.878284
0,0.167722,9,1407,51323.02344,47.697975
0,4.015477,3,180,239.074951,0.498073
0,0.002027,2,339,0,493.339905
0,0.00072,2,379,0,1388.888916
0,0.37962,11,3359,56962.22656,26.342133
0,0.386662,11,3359,55924.8125,25.862381
0,0.322264,2,306,0,3.103046
0,0.299612,2,306,0,3.33765
0,0.346317,2,181,0,2.887528
0,0.346316,2,181,0,2.887536
0,1.120106,12,1409,8392.063477,9.820499
0,1.054151,12,1409,8917.12793,10.434937
0,0,1,251,0,0
0,0,1,162,0,0
0,0,1,162,0,0
0,0,1,60,0,0
0,0.068309,2,274,0,14.639359
0,0.054232,2,274,0,18.439297
0,0.059385,2,286,0,16.83927
0,0.059383,2,286,0,16.839836
0,0.222071,9,1004,27882.97266,36.024513
0,0.199168,9,1004,31089.33203,40.167095
0,0.000013,2,102,0,76923.07813
0,0.069138,2,342,0,14.463826
0,0.054461,2,342,0,18.361763
0,0.000826,2,354,0,1210.653809
0,0.000834,2,354,0,1199.040771
0,0.1153,9,1139,60711.1875,69.384216
0,0.115503,9,1139,60604.48828,69.262268
0,0.001913,2,438,0,522.739136
0,0.001379,2,201,0,725.163147
0,0.120861,8,844,40707.92188,57.917774
0,0.120782,8,844,40734.54688,57.955654
0,0.004785,2,590,0,208.98642
0,0.039944,2,244,0,25.035049
0,0.128656,9,1309,62305.68359,62.18132
0,0.13346,9,1309,60062.94141,59.943054
0,0.002111,2,592,0,473.709137
0,0.000718,2,246,0,1392.75769
0,0.351043,18,6441,131630.6094,48.427116
0,0.354932,18,6569,132712.7344,47.896496
0,0.052708,2,303,0,18.972452
0,0.038557,2,303,0,25.935627
0,0.043033,2,315,0,23.23798
0,0.04303,2,315,0,23.239599
0,0.153719,9,971,38980.21875,52.043015
0,0.154098,9,971,38884.34375,51.915012
0,0.000661,2,333,0,1512.859253
0,0.000664,2,333,0,1506.02417
0,0.000482,2,345,0,2074.688721
0,0.000511,2,345,0,1956.947144
0,0.152293,9,1133,45701.37891,52.530319
0,0.159655,9,1133,43594,50.108044
0,0.029803,2,610,0,33.553669
0,0.013804,2,610,0,72.442772
0,0.034145,2,201,0,29.286863
0,0.034141,2,201,0,29.290297
0,0.095415,9,847,54917.98828,83.844254
0,0.093182,9,847,56234.03906,85.853493
0,0.033703,2,460,0,29.67095
0,0.032225,2,460,0,31.031807
0,0.033815,2,196,0,29.572674
0,0.033813,2,196,0,29.574425
0,0.101431,8,957,54578.97656,69.012436
0,0.108171,9,1017,57982.26953,73.956978
0,0.001474,2,340,0,678.426025
0,0.001197,2,214,0,835.421875
0,0.312117,9,880,17429.36133,25.631413
0,0.38433,9,880,14154.50293,20.815445
0,0.577046,17,4733,58172.14063,27.727427
0,0.54987,17,4733,61047.15625,29.097786
0,0,1,60,0,0
0,0,1,60,0,0
0,0.328083,2,236,0,3.048009
0,0.310394,2,236,0,3.221712
0,0.44382,2,182,0,2.253166
0,0.443821,2,182,0,2.25316
0,4.314701,10,988,1444.364258,2.085892
0,2.375683,10,976,2589.571045,3.788384
0,4.011609,3,180,239.305466,0.498553
0,0.002928,2,507,0,341.53006
0,0.001558,2,261,0,641.848511
0,0.582809,9,841,8936.032227,13.726624
0,0.314828,2,324,0,3.176337
0,0.298856,2,324,0,3.346093
0,0,1,154,0,0
0,0,1,154,0,0
0,0.284596,2,187,0,3.513753
0,0.284596,2,187,0,3.513753
0,1.130137,9,874,4778.182129,7.078788
0,4.139658,10,940,1435.867432,2.174093
0,0.009536,2,327,0,104.865768
0,0.711997,2,272,0,1.4045
0,0.000579,2,380,0,1727.115723
0,0.000579,2,312,0,1727.115723
0,0.000712,2,354,0,1404.494385
0,2.490367,21,4970,14417.15234,8.030945
0,0.000562,2,366,0,1779.359497
0,2.505432,21,5057,14579.52246,7.982656
0,0.988108,9,855,5359.738281,8.096281
0,0,1,394,0,0
0,0.291832,9,841,17845.88477,27.413033
0,0,1,60,0,0
0,0,1,60,0,0
0,0.988807,9,855,5355.949219,8.090557
0,0,1,60,0,0
0,4.001788,3,180,239.892761,0.499777
0,0.041693,2,306,0,23.984842
0,0.025838,2,306,0,38.702686
0,0.05295,4,636,48045.32813,56.657227
0,0.052896,6,954,96188.75,94.525108
0,0.150903,9,955,39071.45703,53.014187
0,0.152369,9,955,38695.53516,52.50412
0,0.04134,2,314,0,24.189646
0,0.04034,2,314,0,24.789291
0,0.052384,2,326,0,19.089798
0,0.052981,4,652,49225.19531,56.624073
0,0.16217,9,1404,52932.10938,49.330952
0,0.164486,9,1404,52186.80859,48.636356
0,0.001417,2,436,0,705.716309
0,0.00113,2,199,0,884.95575
0,0.120467,8,780,37985.50781,58.107201
0,0.121837,8,780,37558.37891,57.453812
0,0.042682,2,270,0,23.429081
0,0.030664,2,270,0,32.61153
0,0.041844,2,184,0,23.898289
0,0.041816,2,184,0,23.914291
0,0.161751,10,2156,81854.20313,55.641079
0,0.158964,10,2156,83289.30469,56.616596
0,0.002925,2,297,0,341.880341
0,0.000525,2,297,0,1904.761963
0,0.041871,2,211,0,23.882879
0,0.041732,2,211,0,23.962427
0,0.178032,8,1273,42104.79297,39.318775
0,0.173885,9,1333,47525.66406,46.00742
0,0.211894,2,250,0,4.719341
0,0.195223,2,250,0,5.122347
0,0.192176,2,189,0,5.203563
0,0.192174,2,189,0,5.203618
0,0.58651,9,843,8893.28418,13.640006
0,0.589093,9,843,8854.289062,13.580198
0,0.394757,2,226,0,2.533204
0,0.393164,2,226,0,2.543468
0,0.202919,2,217,0,4.928074
0,0.202912,2,217,0,4.928245
0,0.596366,9,1160,11938.97754,13.414581
0,0.587333,9,1160,12122.59473,13.620893
0,0.001913,2,610,0,522.739136
0,0.024116,2,195,0,41.466248
0,0.255429,8,697,16223.68652,27.404875
0,0.261286,9,757,18003.26172,30.617792
0,0.002908,2,619,0,343.878937
0,0.001105,2,220,0,904.977356
0,0.258156,8,891,20049.89258,27.115387
0,0.26467,9,951,22186.11719,30.226318
0,0,1,152,0,0
0,0,1,204,0,0
0,0,1,204,0,0
0,0.429389,2,294,0,2.328891
0,0.41319,2,294,0,2.420194
0,0.307805,2,195,0,3.24881
0,0.307788,2,195,0,3.248989
0,3.05994,2,1180,1542.513916,0.326804
0,0.959769,10,1007,6718.283203,9.377256
0,2.567806,10,1007,2511.093018,3.504938
0,0.002883,2,341,0,346.860901
0,0.026655,2,303,0,37.516415
0,0.073017,10,1023,89732.52344,123.258965
0,0,1,164,0,0
0,0,1,164,0,0
0,4.014764,3,180,239.117432,0.498161
0,0,1,60,0,0
0,0,1,60,0,0
0,0.072931,10,1023,89838.34375,123.404312
0,0.043025,2,398,0,23.242302
0,0.030465,2,398,0,32.824554
0,0.001063,2,199,0,940.733826
0,0.001039,2,199,0,962.463928
0,0.203173,9,805,24570.19336,39.375313
0,0.20181,9,805,24736.13672,39.641247
0,0.10348,2,364,0,9.663704
0,0.079528,2,364,0,12.574188
0,0.114626,2,200,0,8.724025
0,0.114626,2,200,0,8.724025
0,0.363136,9,887,15112.7959,22.030313
0,0.331982,8,829,14579.10449,21.085482
0,0.002126,2,359,0,470.366913
0,0.102651,2,214,0,9.741746
0,0.759491,9,1486,11955.375,10.53337
0,0.667903,9,1486,13594.78809,11.977787
0,0.048361,2,300,0,20.677818
0,0.032012,2,300,0,31.238285
0,0.053256,2,312,0,18.777227
0,0.053256,2,312,0,18.777227
0,0.152412,9,949,38422.17188,52.489307
0,0.155016,9,949,37776.74609,51.607574
0,0.051423,2,308,0,19.446552
0,0.049499,2,308,0,20.202427
0,0.048701,2,320,0,20.533459
0,0.048695,2,320,0,20.535988
0,0.165033,9,1395,51722.98828,48.475155
0,0.164576,9,1395,51866.61719,48.609764
0,0.04209,2,388,0,23.758614
0,0.026527,2,388,0,37.697441
0,0.053113,2,320,0,18.827784
0,0.053098,4,640,48212.73828,56.499302
0,0.15048,9,957,39234.44922,53.163212
0,0.154558,9,957,38199.25,51.760502
0,0.001385,2,396,0,722.021667
0,0.001454,2,328,0,687.757874
0,0.16328,9,1401,52474.27734,48.99559
0,0.159966,9,1401,53561.37891,50.010624
0,0.114961,2,298,0,8.698603
0,0.097606,2,298,0,10.245272
0,0.114019,2,199,0,8.770468
0,0.11402,2,199,0,8.770391
0,0.589116,12,1219,13810.52344,18.672045
0,0.604766,14,1328,15066.98438,21.495916
0,0.001193,2,370,0,838.222961
0,0.11542,2,207,0,8.66401
0,0.648063,10,1270,12554.33496,13.887539
0,0.653061,10,1270,12458.25391,13.781256
0,0,1,60,0,0
0,0,1,590,0,0
0,0.041963,2,306,0,23.830517
0,0.024216,2,306,0,41.295013
0,0.052644,2,318,0,18.995518
0,0.052681,2,318,0,18.982176
0,0.154355,9,955,38197.66016,51.828575
0,0.152605,9,955,38635.69531,52.422924
0,0.001286,2,314,0,777.60498
0,0.000567,2,314,0,1763.668457
0,0.001518,2,326,0,658.761536
0,0.001359,2,326,0,735.835205
0,0.164922,9,1404,52048.84766,48.507778
0,0.165953,9,1404,51725.48828,48.206421
0,0.041638,2,306,0,24.016521
0,0.024104,2,306,0,41.486893
0,0.05349,2,318,0,18.695082
0,0.053489,2,318,0,18.695433
0,0.15427,9,955,38218.71094,51.857136
0,0.154542,9,955,38151.44141,51.765862
0,0.001558,2,314,0,641.848511
0,0.001208,2,314,0,827.814575
0,0.001433,2,326,0,697.836731
0,0.001387,2,326,0,720.98053
0,0.158373,9,1403,54201.16016,50.51366
0,0.158818,9,1403,54049.28516,50.372124
0,0.041417,2,300,0,24.144676
0,0.026644,2,300,0,37.531902
0,0.048567,2,312,0,20.590113
0,0.048565,2,312,0,20.59096
0,0.15257,9,949,38382.38281,52.434948
0,0.152608,9,949,38372.82422,52.42189
0,0.001536,2,308,0,651.041626
0,0.001523,2,308,0,656.598816
0,0.00145,2,320,0,689.655151
0,0.001401,2,320,0,713.775879
0,0.160627,9,1395,53141.75391,49.804829
0,0.163776,9,1395,52119.96875,48.847206
0,0.001821,2,282,0,549.148804
0,0.001271,2,203,0,786.782043
0,0.106332,8,863,47248.24219,65.831551
0,0.106758,8,863,47059.70703,65.568855
0,0.003007,2,506,0,332.557343
0,0.001542,2,530,0,648.508423
0,0.092431,10,1562,108275.3594,97.369926
0,0.068688,10,1562,145702.3125,131.027252
0,0.001734,2,301,0,576.701233
0,0.001445,2,202,0,692.041565
0,0.762935,9,957,7738.536133,10.485822
0,0.749688,8,897,6946.889648,9.337217
0,4.006399,3,180,239.616669,0.499201
0,0.002041,2,294,0,489.955933
0,0.000959,2,242,0,1042.752808
0,0.399574,10,1509,24185.75781,22.523987
0,0.392767,10,1509,24604.91797,22.914349
0,0.000805,2,475,0,1242.235962
0,0.001208,2,199,0,827.814575
0,0.130508,8,649,29791.27539,53.636555
0,0.104051,8,649,37366.29297,67.274704
0,0.001491,2,545,0,670.690857
0,0.000902,2,545,0,1108.647461
0,0.000791,2,315,0,1264.222412
0,0.00067,2,315,0,1492.537354
0,0.047423,9,837,109314.0391,168.694504
0,0.050225,9,837,103215.5313,159.283218
0,0.001523,2,310,0,656.598816
0,0.000995,2,197,0,1005.025146
0,0.163693,9,752,28541.23242,48.871975
0,0.15741,9,752,29680.45313,50.822693
0,0.041894,2,464,0,23.869766
0,0.027736,2,464,0,36.054226
0,0.001298,2,201,0,770.416016
0,0.001299,2,201,0,769.822937
0,0.29778,8,1034,19961.04492,23.507286
0,0.298663,8,1034,19902.03125,23.437788
0,0.003428,2,619,0,291.715271
0,0.002791,2,619,0,358.294495
0,0.001428,2,289,0,700.28009
0,0.001394,2,289,0,717.360107
0,0.32841,8,943,16613.37891,21.314819
0,0.323652,8,944,16882.33008,21.628168
0,0,1,60,0,0
0,0,1,60,0,0
0,0.001505,2,311,0,664.451782
0,0.001207,2,189,0,828.500427
0,1.053221,9,808,4754.9375,7.595747
0,0.856646,9,808,5846.055664,9.338747
0,0.005933,2,468,0,168.548798
0,0.336401,2,332,0,2.972643
0,1.119125,9,997,5490.003418,7.148442
0,0,1,153,0,0
0,4.990653,11,1119,1436.285034,2.003746
0,4.00757,3,180,239.546677,0.499056
0,0.000018,2,102,0,55555.55469
0,0.158568,2,561,0,6.306443
0,0.143122,2,561,0,6.987046
0,0.174482,2,184,0,5.73125
0,0.174483,2,184,0,5.731217
0,0.51231,10,1196,14959.69141,17.567488
0,0.511649,10,1196,14979.01856,17.590183
0,0.001779,2,257,0,562.113525
0,0.001485,2,197,0,673.400696
0,0.315393,9,726,14305.96094,25.365179
0,0.326168,9,726,13833.36231,24.527237
0,0.635451,16,5672,62494.19531,23.605282
0,0.637638,16,5704,62631.15234,23.524321
0,0,1,162,0,0
0,0,1,162,0,0
0,0,1,60,0,0
0,0.042712,2,308,0,23.412624
0,0.019806,2,308,0,50.489754
0,0.055266,2,320,0,18.094307
0,0.055267,4,640,46320.58984,54.28194
0,0.153509,9,957,38460.28516,52.114204
0,0.151263,9,957,39031.35547,52.888016
0,0.055229,2,316,0,18.10643
0,0.054003,2,316,0,18.51749
0,0.043428,2,328,0,23.026619
0,0.043414,2,328,0,23.034044
0,0.161426,9,1407,53324.74609,49.558315
0,0.165885,9,1407,51891.37109,48.226181
0,0,1,60,0,0
0,0,1,60,0,0
0,0.366587,2,227,0,2.727865
0,0.348727,2,227,0,2.867573
0,0.32519,2,189,0,3.075125
0,0.325187,2,189,0,3.075154
0,1.3163,9,795,3749.905029,6.077641
0,1.321096,9,795,3736.291748,6.055578
0,0.370251,3,168,1166.776001,5.401741
0,0.094239,2,260,0,10.611319
0,0.089248,2,260,0,11.204733
0,0.405178,3,216,2843.194824,4.936102
0,0.436359,3,216,2640.028076,4.583382
0,4.009353,3,180,239.440125,0.498834
0,0,1,154,0,0
0,0,1,154,0,0
0,0.898113,9,752,5202.018066,8.907565
0,0.896438,9,752,5211.737793,8.924209
0,0.058712,2,619,0,17.032293
0,0.04437,2,619,0,22.53775
0,0.024353,2,204,0,41.062702
0,0.024351,2,204,0,41.066074
0,0.109416,9,805,45624.03906,73.115448
0,0.105771,9,805,47196.30078,75.635101
0,0.00227,2,483,0,440.528625
0,0.031812,4,438,55073.55469,94.304031
0,0.102617,8,947,53324.49609,68.214813
0,0.101993,9,1007,60866.92188,78.436752
0,0,1,60,0,0
0,0,1,60,0,0
0,0.041398,2,300,0,24.155756
0,0.021271,2,300,0,47.012363
0,0.041748,2,312,0,23.953243
0,0.041746,2,312,0,23.95439
0,0.152696,9,949,38350.71094,52.391682
0,0.152469,9,949,38407.80859,52.469685
0,0.053223,2,308,0,18.78887
0,0.053199,2,308,0,18.797346
0,0.041317,2,320,0,24.203112
0,0.041308,2,320,0,24.208385
0,0.161597,9,1395,52822.76172,49.505871
0,0.161559,9,1395,52835.1875,49.517513
0,0.40275,2,304,0,2.48293
0,0.389067,2,304,0,2.570251
0,0.242014,2,194,0,4.131992
0,0.242004,2,194,0,4.132163
0,0.001419,2,454,0,704.721619
0,0.000687,2,466,0,1455.604126
0,0.917949,10,903,6301.003418,9.804466
0,0.939719,10,903,6155.03125,9.577331
0,0.245605,2,261,0,4.071578
0,0.230251,2,261,0,4.343086
0,0.245262,2,237,0,4.077272
0,0.24526,2,237,0,4.077306
0,0.863538,9,987,7050.065918,9.264213
0,0.85555,9,987,7115.890625,9.35071
0,0,1,60,0,0
0,4.003652,3,180,239.781067,0.499544
0,0.042235,2,622,0,23.677046
0,0.026687,2,622,0,37.471428
0,0.000995,2,205,0,1005.025146
0,0.000995,2,205,0,1005.025146
0,0.10215,9,761,46284.875,78.3162
0,0.102236,9,761,46245.94141,78.25032
0,0.001948,2,614,0,513.346985
0,0.001745,2,614,0,573.065918
0,0.001122,2,213,0,891.265564
0,0.00109,2,213,0,917.431152
0,1.119096,9,970,5347.172852,7.148627
0,1.143955,9,970,5230.975098,6.993282
0,0.566009,2,235,0,1.766756
0,0.553201,2,235,0,1.807661
0,0.452141,2,198,0,2.211699
0,0.452141,2,198,0,2.211699
0,4.861721,9,1087,1322.988281,1.645508
0,4.261954,9,858,1218.220581,1.877073
0,3.060173,2,1180,1542.396484,0.326779
0,0,1,204,0,0
0,0,1,204,0,0
0,0,1,60,0,0
0,0,1,60,0,0
0,0,1,164,0,0
0,0,1,164,0,0
0,4.012466,3,180,239.254364,0.498447
0,0.398388,2,387,0,2.510116
0,0.398387,2,387,0,2.510122
0,0.395236,2,206,0,2.530134
0,0.395234,2,206,0,2.530147
0,0.960579,11,1064,7220.64502,10.410388
0,0.967679,10,1010,6688.167969,9.300605
0,0.000003,3,216,384000000,666666.625
0,0.000001,3,216,1152000000,2000000
0,0.407846,3,168,1059.223267,4.903811
0,0.00042,3,929,11809524,4761.904785
0,0.041516,2,300,0,24.087099
0,0.021337,2,300,0,46.866943
0,0.052302,2,312,0,19.119728
0,0.052303,2,312,0,19.119362
0,0.150186,9,949,38991.64844,53.267281
0,0.152269,9,949,38458.25391,52.538597
0,0.001746,2,308,0,572.737671
0,0.000467,2,308,0,2141.327637
0,0.048096,2,320,0,20.79175
0,0.047897,2,320,0,20.878134
0,0.160122,9,1395,53309.34766,49.961903
0,0.161278,9,1395,52927.24609,49.60379
0,0.00154,2,274,0,649.350647
0,0.107458,2,190,0,9.305962
0,0.299079,11,1032,22495.72852,33.435982
0,0.296895,11,1032,22661.21094,33.681942
0,0.041535,2,300,0,24.07608
0,0.024048,2,300,0,41.5835
0,0.053183,2,312,0,18.803001
0,0.053184,2,312,0,18.802649
0,0.152474,9,949,38406.54688,52.46796
0,0.150452,9,949,38922.71094,53.173103
0,0.001072,2,308,0,932.835815
0,0.000662,2,308,0,1510.574097
0,0.001309,2,320,0,763.941956
0,0.000649,2,320,0,1540.832031
0,0.159934,9,1402,53622.12109,50.020634
0,0.159925,9,1402,53625.13672,50.023449
0,0,1,590,0,0
0,0.087626,2,236,0,11.412138
0,0.072371,2,236,0,13.81769
0,0.084724,2,187,0,11.803031
0,0.084724,2,187,0,11.803031
0,0.26388,9,1214,28194.63281,30.316809
0,0.258404,9,1214,28792.125,30.959274
0,0.098644,2,290,0,10.137464
0,0.0837,2,290,0,11.947432
0,0.001041,2,188,0,960.614807
0,0.001041,2,188,0,960.614807
0,0.290184,10,1094,24150.19531,31.014805
0,0.290726,10,1094,24105.16992,30.956984
0,0,1,60,0,0
0,0.002286,2,308,0,437.445343
0,0.001526,2,308,0,655.307983
0,0.093755,2,172,0,10.666098
0,0.093723,2,172,0,10.66974
0,0.298994,9,1158,23946.96875,26.75639
0,0.307579,9,1158,23278.57227,26.009577
0,0.140969,2,374,0,7.093759
0,0.1221,2,374,0,8.190008
0,0.001519,2,470,0,658.32782
0,0.00148,2,470,0,675.675659
0,0.515034,9,880,10562.40918,15.532954
0,0.50884,9,880,10690.98242,15.722034
0,0.041592,2,301,0,24.043087
0,0.024292,2,301,0,41.165817
0,0.051464,2,313,0,19.431059
0,0.051465,2,313,0,19.430681
0,0.151658,9,970,39457.19922,52.750267
0,0.149923,9,970,39913.82422,53.360725
0,0.15413,9,1133,45156.6875,51.904236
0,0.154642,9,1133,45007.17578,51.732388
0,0.095078,2,288,0,10.51768
0,0.08149,2,288,0,12.271444
0,0.080958,2,200,0,12.352083
0,0.080957,2,200,0,12.352236
0,0.215438,10,864,25696.48828,41.77536
0,0.216465,10,864,25574.57422,41.57716
0,0,1,60,0,0
0,0,1,60,0,0
0,0.080267,2,312,0,12.458421
0,0.078558,2,312,0,12.729448
0,0.091884,2,208,0,10.883287
0,0.091881,2,208,0,10.883643
0,0.214719,10,796,23733.3457,41.915249
0,0.214782,10,796,23726.38281,41.902954
0,4.006341,3,180,239.620148,0.499209
0,0.080315,2,312,0,12.450974
0,0.080314,2,312,0,12.451129
0,0.079622,2,208,0,12.559342
0,0.079623,2,208,0,12.559185
0,0.221879,10,925,26681.20898,40.562649
0,0.222124,10,925,26651.78125,40.51791
0,0.222993,18,15648,513128.2188,76.235573
0,0.2221,14,11088,353606.4688,58.532192
0,0.040924,2,298,0,24.435537
0,0.027556,2,298,0,36.289738
0,0.035412,2,217,0,28.239016
0,0.03541,2,217,0,28.240612
0,0.264782,11,1329,32570.1875,37.766914
0,0.301409,10,1275,27072.8457,29.859758
0,0.094618,2,208,0,10.568813
0,0.078803,2,208,0,12.689872
0,0.095428,2,207,0,10.479105
0,0.09543,2,207,0,10.478885
0,0.293714,10,883,19284.06641,30.642054
0,0.280555,10,883,20188.55469,32.079269
0,0.001235,2,248,0,809.716614
0,0.093693,2,215,0,10.673156
0,0.297068,10,1041,22459.50391,30.296093
0,0.301268,10,1041,22146.39453,29.873732
0,0.001102,2,248,0,907.440979
0,0.096633,2,215,0,10.348432
0,0.301781,10,1382,29319.27539,29.82295
0,0.289626,10,1382,30549.74414,31.074558
0,0.349444,10,1667,30539.94336,25.755199
0,0.347755,10,1667,30688.27148,25.880289
0,0,1,153,0,0
0,0.106859,2,230,0,9.358127
0,0.094202,2,230,0,10.615486
0,0.032946,2,180,0,30.352697
0,0.032946,2,180,0,30.352697
0,0.059775,5,405,33324.96875,66.91761
0,0.059367,5,405,33553.99219,67.377495
0,0.000019,2,102,0,52631.58203
0,4.016195,3,180,239.032227,0.497984
0,0,1,60,0,0
0,0,1,60,0,0
0,0,1,162,0,0
0,0,1,162,0,0
0,0,1,60,0,0
0,4.009842,3,180,239.410934,0.498773
0,0,1,154,0,0
0,0,1,154,0,0
0,0,1,60,0,0
0,0,1,60,0,0
0,0,1,394,0,0
0,0,1,60,0,0
0,4.008789,3,180,239.473816,0.498904
0,3.069916,2,1180,1537.501343,0.325742
0,0,1,60,0,0
0,0,1,60,0,0
0,0,1,204,0,0
0,0,1,204,0,0
0,2.999451,3,453,805.480774,0.666789
0,0,1,164,0,0
0,0,1,164,0,0
0,4.0073,3,180,239.562805,0.499089
0,0,1,60,0,0
0,0,1,590,0,0
0,0,1,60,0,0
0,0,1,60,0,0
0,0,1,60,0,0
0,0,1,151,0,0
0,0,1,90,0,0
0,0.100006,2,620,24798.51172,9.9994
0,0.100007,2,660,26398.15234,9.9993
0,0,1,211,0,0
0,0,1,231,0,0
0,0,1,184,0,0
0,0,1,204,0,0
0,0,1,167,0,0
0,0,1,187,0,0
0,0,1,215,0,0
0,0,1,235,0,0
0,0,1,196,0,0
0,0,1,216,0,0
0,0,1,221,0,0
0,0,1,241,0,0
0,4.01168,3,180,239.301239,0.498544
0,0,1,153,0,0
0,0.029197,4,1564,214268.5938,102.750282
0,0.029377,4,1564,212955.7031,102.120705
0,0.342028,2,322,0,2.923737
0,0.325866,2,322,0,3.068746
0,0.408716,2,189,0,2.446687
0,0.408716,2,189,0,2.446687
0,1.299094,8,692,3165.282959,5.388371
0,1.305775,8,692,3149.087646,5.360801
0,0.38896,2,319,0,2.570958
0,0.384068,2,319,0,2.603705
0,0.488353,2,218,0,2.047699
0,0.488354,2,218,0,2.047695
0,0,1,60,0,0
0,0,1,60,0,0
0,1.127318,9,924,5066.893066,7.096489
0,1.140151,9,924,5009.862793,7.016614
0,0.159619,2,359,0,6.264918
0,0.14171,2,359,0,7.056665
0,4.009835,3,180,239.411362,0.498774
0,0.020359,2,205,0,49.118324
0,0.020358,2,205,0,49.120739
0,0.331443,9,815,15230.37109,24.136879
0,0.342417,9,821,14859.0752,23.363325
0,0.035295,2,477,0,28.332626
0,0.02778,2,477,0,35.99712
0,0.000543,2,227,0,1841.620605
0,0.000542,2,227,0,1845.018433
0,0.384523,9,840,13523.24805,20.804996
0,0.377637,9,834,13685.09961,21.184364
0,0.280517,2,345,0,3.564846
0,0.266871,2,345,0,3.747129
0,0,1,151,0,0
0,0.286529,2,192,0,3.490048
0,0.28653,2,192,0,3.490036
0,1.158539,9,878,4688.663574,6.905249
0,4.166676,10,938,1426.556763,2.159995
0,0.000021,2,102,0,47619.04688
0,0,1,162,0,0
0,0,1,162,0,0
0,0,1,60,0,0
0,0.272527,2,373,0,3.669361
0,0.000491,2,277,0,2036.65979
0,1.035265,9,950,5664.250488,7.72749
0,1.025389,9,950,5718.805664,7.801918
0,0.041338,2,219,0,24.190817
0,0.02729,2,219,0,36.643459
0,0.041007,2,219,0,24.38608
0,0.041006,2,219,0,24.386675
0,0.018495,2,586,0,54.068665
0,0.005577,2,586,0,179.307877
0,0.029388,2,199,0,34.027496
0,0.02937,4,398,54204.96875,102.145042
0,0.398223,9,1422,21837.00977,20.089247
0,0.409274,9,1422,21247.37891,19.546806
0,0,1,60,0,0
0,0,1,60,0,0
0,4.005543,3,180,239.667862,0.499308
0,0.001842,2,626,0,542.888123
0,0.001425,2,207,0,701.754395
0,0.340152,10,1248,23495.37891,26.458759
0,0.392938,10,1248,20339.08789,22.904377
0,0.001618,2,260,0,618.046997
0,0.111277,2,190,0,8.986583
0,0.334883,9,1280,23411.16211,23.888941
0,0.333012,9,1280,23542.69336,24.023157
0,0.304715,2,200,0,3.281755
0,0,1,154,0,0
0,0,1,154,0,0
0,0.276983,2,200,0,3.61033
0,0.303889,2,212,0,3.290675
0,0.303888,2,212,0,3.290686
0,0.972224,9,1081,6837.930176,8.228557
0,0.98106,9,1081,6776.34375,8.154445
0,0.047289,2,308,0,21.146566
0,0.03097,2,308,0,32.289314
0,0.043225,2,320,0,23.13476
0,0.043224,2,320,0,23.135296
0,0.153422,9,957,38482.09375,52.143761
0,0.15337,9,957,38495.14453,52.161442
0,0.043746,2,316,0,22.859234
0,0.043691,2,316,0,22.888008
0,0.046427,2,328,0,21.53919
0,0.046423,2,328,0,21.541046
0,0.163092,9,1407,52780.02344,49.052067
0,0.161476,9,1407,53308.23047,49.542965
0,0.001771,2,300,0,564.652771
0,0.001572,2,312,0,636.132324
0,0.150841,9,949,38822.33594,53.03598
0,0.155408,9,949,37681.46094,51.477402
0,0.001794,2,308,0,557.413574
0,0.000704,2,320,0,1420.45459
0,0.164195,9,1395,51986.96484,48.722557
0,0.165564,9,1395,51557.10156,48.319683
0,0.154306,2,431,0,6.480629
0,0.138162,2,431,0,7.23788
0,0.027404,2,194,0,36.491024
0,0.027402,2,194,0,36.493687
0,0.814216,9,936,7093.94043,9.825402
0,0.822045,9,936,7026.378906,9.731827
0,0.049257,2,536,0,20.301683
0,0.045379,2,536,0,22.036625
0,0.118568,4,446,15046.21777,25.301935
0,0.118556,4,446,15047.74121,25.304497
0,0.812416,9,936,7109.657715,9.847172
0,0.813132,9,936,7103.397949,9.838501
0,0.001833,2,359,0,545.553711
0,0.032986,2,206,0,30.315891
0,0.133079,9,854,39735.79297,60.114666
0,0.132909,9,854,39786.62109,60.191559
0,0.003928,2,608,0,254.582474
0,0.001252,2,265,0,798.722046
0,0.126873,10,990,50002.75781,70.93708
0,0.126353,10,990,50208.54297,71.229019
0,0.001334,2,263,0,749.625183
0,0.086853,2,142,0,11.513707
0,0.25714,9,1031,24671.38477,31.111456
0,0.253238,9,1031,25051.5332,31.590836
0,0.001805,2,365,0,554.016602
0,0.001053,2,198,0,949.667603
0,0.100357,8,785,45916.07813,69.750984
0,0.119856,8,785,38446.13672,58.403416
0,0.002807,2,615,0,356.252228
0,0.001912,2,623,0,523.012573
0,0.113905,8,1190,59417.9375,61.454723
0,0.157768,9,1250,48577.66016,50.707371
0,0.232259,2,624,0,4.305538
0,0.175911,2,624,0,5.684693
0,0,1,60,0,0
0,0.130506,2,249,0,7.662483
0,0.130504,2,249,0,7.662601
0,2.048003,9,1391,4160.150391,3.906244
0,0.414469,9,1391,20556.42188,19.301805
0,4.005782,3,180,239.65358,0.499278
0,0.001519,2,369,0,658.32782
0,0.001115,2,198,0,896.861023
0,0.171268,9,850,30735.45508,46.710419
0,0.169598,9,850,31038.10156,47.170368
0,0.001527,2,305,0,654.878845
0,0.001117,2,226,0,895.255127
0,0.195946,9,882,27844.40625,40.827576
0,0.198107,9,882,27540.67188,40.382217
0,0.000711,2,379,0,1406.469727
0,0.163033,2,224,0,6.133728
0,0.327696,10,1084,21190.37109,27.464479
0,0.315238,10,1084,22027.80078,28.549858
0,0.000567,2,387,0,1763.668457
0,0.001204,2,232,0,830.564819
0,0.289689,10,969,21429.87695,31.067801
0,0,1,60,0,0
0,0,1,60,0,0
0,0.280109,10,969,22162.80273,32.130352
0,0.024752,2,495,0,40.400776
0,0.011402,2,495,0,87.703911
0,0.032746,2,209,0,30.538082
0,0.032778,4,418,51009.82422,91.524811
0,3.059381,2,1180,1542.795776,0.326863
0,0.32995,9,845,15856.94824,24.246098
0,0.328881,9,845,15908.49023,24.324907
0,0.001559,2,362,0,641.436829
0,0.000964,2,362,0,1037.34436
0,0.031587,2,204,0,31.658592
0,0.03154,2,204,0,31.705772
0,0.339653,9,925,16817.16406,23.553452
0,0.322965,9,925,17686.12695,24.770487
0,0.031392,2,280,0,31.855249
0,0.017467,2,280,0,57.250816
0,0.031754,2,187,0,31.492098
0,0.031749,2,187,0,31.497057
0,0.086127,9,912,65484.69141,92.886086
0,0.106846,9,912,52786.25391,74.874123
0,0.002728,2,589,0,366.568909
0,0.001064,2,243,0,939.84967
0,0.175253,9,1112,39029.28906,45.648289
0,0.198986,9,1112,34374.27734,40.203835
0,0.033798,2,211,0,29.587547
0,0.015403,2,211,0,64.922417
0,0.032974,4,422,51191.84766,90.980766
0,0.032969,2,211,0,30.331522
0,1.525751,6,552,2411.927002,3.277075
0,0,1,204,0,0
0,0,1,204,0,0
0,0.188114,2,242,0,5.315926
0,0.174917,2,242,0,5.716997
0,0,1,164,0,0
0,0,1,164,0,0
0,0,1,151,0,0
0,0.207093,2,196,0,4.828748
0,0.207071,2,196,0,4.829261
0,0.595243,10,877,9448.242188,15.119876
0,0.585864,10,877,9599.49707,15.361927
0,0,1,243,0,0
0,0.2053,2,426,0,4.870921
0,0.199085,2,426,0,5.02298
0,0.195338,2,204,0,5.119332
0,0.195339,2,204,0,5.119306
0,0.639718,10,1109,11104.89356,14.068699
0,0.660396,10,1109,10757.18262,13.628187
0,4.015575,3,180,239.069122,0.498061
0,0.019763,2,312,0,50.599606
0,0.002998,2,312,0,333.555695
0,0.022043,2,211,0,45.365875
0,0.022021,2,211,0,45.411201
0,0.066042,9,805,75588.26563,121.13504
0,0.063056,9,805,79167.72656,126.871353
0,0.0415,2,281,0,24.096386
0,0.038672,2,281,0,25.858501
0,0.019582,2,252,0,51.067307
0,0.019582,2,252,0,51.067307
0,0.131787,11,2369,116005.3672,75.88002
0,0.105449,11,2369,144980.0469,94.832573
0,0.111076,2,333,0,9.002845
0,0.097181,2,333,0,10.290077
0,0.104438,2,206,0,9.575059
0,0.104438,2,206,0,9.575059
0,0.323568,8,844,15205.45996,21.633783
0,0.323483,9,881,16841.68945,24.730822
0,0.109944,2,393,0,9.095539
0,0.109883,2,393,0,9.100589
0,0.001183,2,248,0,845.308533
0,0.001178,2,248,0,848.896423
0,0.464597,9,1323,17425.85547,17.219225
0,0.485523,9,1323,16674.80273,16.477077
0,0,1,590,0,0
0,0.048414,2,306,0,20.655182
0,0.024073,2,306,0,41.540318
0,0.041363,4,636,61504.24219,72.528587
0,0.041335,2,318,0,24.192572
0,0.00047,3,929,10553192,4255.319336
0,0.154672,9,955,38119.375,51.722355
0,0.154605,9,955,38135.89453,51.74477
0,0.041729,2,314,0,23.964149
0,0.04168,2,314,0,23.992323
0,0.052129,2,326,0,19.18318
0,0.052122,2,326,0,19.185757
0,0.16172,9,1404,53079.39844,49.46822
0,0.159603,9,1404,53783.44922,50.124371
0,0,1,60,0,0
0,0,1,60,0,0
0,0.299809,2,292,0,3.335457
0,0.284196,2,292,0,3.518698
0,0.290314,2,183,0,3.444546
0,0.290315,2,183,0,3.444534
0,0.887477,9,868,6048.607422,9.014318
0,0.880505,9,868,6096.501465,9.085695
0,0.58235,2,328,0,1.71718
0,0.582306,2,328,0,1.71731
0,0,1,60,0,0
0,0.305655,2,219,0,3.271662
0,0.305655,2,219,0,3.271662
0,1.998296,19,5843,21013.9043,9.007674
0,1.987743,19,5843,21125.4668,9.055496
0,4.011239,3,180,239.327545,0.498599
0,0.173262,2,256,0,5.771606
0,0.158746,2,256,0,6.299371
0,0.172944,2,203,0,5.782219
0,0.172945,2,203,0,5.782186
0,0.50982,9,952,11517.79102,15.691813
0,0.509727,9,952,11519.8916,15.694675
0,0.001604,2,382,0,623.441406
0,0.001386,2,198,0,721.500732
0,0.420377,9,830,12236.63574,19.030537
0,0.416461,9,830,12351.69727,19.209482
0,0.000739,2,397,0,1353.180054
0,0.001114,2,212,0,897.666077
0,0.430539,9,1180,16816.13086,18.58136
0,0.430299,10,1240,18442.98828,20.915688
0,0.220942,2,230,0,4.526074
0,0.207499,2,230,0,4.8193
0,0.1984,2,190,0,5.040322
0,0.198399,2,190,0,5.040348
0,0.607469,11,1086,11654.91504,16.461744
0,0.615499,10,1032,10749.00195,14.622282
0,0,1,153,0,0
0,0.024175,2,270,0,41.365047
0,0.001193,2,196,0,838.222961
0,0.330924,9,896,16728.91602,24.174734
0,0.335374,9,896,16506.94531,23.853966
0,0.001081,2,278,0,925.069397
0,0.001062,2,204,0,941.619568
0,0.33734,11,1018,19707.12109,29.643682
0,0.341106,9,904,16370.27832,23.453121
0,0.001402,2,309,0,713.266785
0,0.000982,2,197,0,1018.329895
0,0.170056,10,883,33306.67578,52.923744
0,0.335556,9,819,15139.05273,23.841028
0,0,1,60,0,0
0,0,1,60,0,0
0,0.05246,2,308,0,19.062143
0,0.038034,2,308,0,26.292265
0,0.048215,2,320,0,20.740433
0,0.048216,2,320,0,20.740004
0,0.154126,9,957,38306.32031,51.905582
0,0.150636,9,957,39193.81641,53.108154
0,0.051753,2,316,0,19.322552
0,0.049896,2,316,0,20.041685
0,0.052193,2,328,0,19.159657
0,0.052147,2,328,0,19.176558
0,0.159472,9,1407,53978.125,50.165546
0,0.162494,9,1407,52974.26172,49.232586
0,0.091006,2,310,0,10.988286
0,0.078002,2,310,0,12.820185
0,0.090425,2,217,0,11.058888
0,0.090426,2,217,0,11.058766
0,0.26764,9,854,19757.88477,29.8909
0,0.268013,9,854,19730.38672,29.849298
0,0.088393,2,318,0,11.313112
0,0.087892,2,318,0,11.3776
0,0.090589,2,225,0,11.038868
0,0.090563,2,225,0,11.042037
0,0.279615,9,1935,42086.44141,28.610767
0,0.284586,9,1935,41351.29297,28.11101
0,0.001334,2,227,0,749.625183
0,0.000671,2,211,0,1490.312988
0,0.164743,10,865,33652.41406,54.630543
0,0.165755,10,865,33446.95313,54.297005
0,0.082416,2,253,0,12.133567
0,0.072281,2,253,0,13.834894
0,0.092544,2,186,0,10.805671
0,0.09254,2,186,0,10.806137
0,0.238258,8,785,19340.37891,29.379915
0,0.241374,8,785,19090.70508,29.000637
0,0.003063,2,356,0,326.477295
0,0.001129,2,356,0,885.739624
0,0.001018,2,289,0,982.318298
0,0.001012,2,289,0,988.142273
0,0.241837,8,1605,37148.98828,28.945116
0,0.24199,8,1604,37092.44141,28.926815
0,0.000016,2,102,0,62500
0,0.170964,2,235,0,5.849185
0,0.158308,2,235,0,6.3168
0,0.170205,2,231,0,5.875268
0,0.170205,2,231,0,5.875268
0,0.513042,10,890,11102.40527,17.542425
0,0.521888,10,890,10914.21875,17.245079
0,4.007108,3,180,239.574265,0.499113
0,0,1,88,0,0
0,0,1,68,0,0
0,0,1,86,0,0
0,0,1,60,0,0
0,0,1,86,0,0
0,0,1,68,0,0
0,0,1,92,0,0
0,0,1,60,0,0
0,0,1,88,0,0
0,0,1,68,0,0
0,0,1,88,0,0
0,0.170001,2,291,0,5.882318
0,0.164489,2,291,0,6.079434
0,0.177048,2,287,0,5.648186
0,0.177045,2,287,0,5.648282
0,0.658222,11,1090,10792.71094,15.192442
0,0.5532,10,1036,12002.89258,16.26898
0,2.003285,2,593,0,0.49918
0,1.988614,2,593,0,0.502863
0,0,1,162,0,0
0,0,1,162,0,0
0,0,1,60,0,0
0,0.002175,2,593,0,459.770111
0,0.001222,2,191,0,818.330627
0,0.295733,8,653,13201.09668,23.67
0,0.000641,2,593,0,1560.062378
0,0.000671,2,191,0,1490.312988
0,0.334189,8,653,11682.0127,20.946232
0,0.041057,2,621,0,24.356382
0,0.003868,2,621,0,258.531525
0,0.036392,2,621,0,27.478567
0,0.036356,2,621,0,27.505777
0,0.103041,9,859,51552.29297,77.639
0,0.105781,9,859,50216.96094,75.627953
0,0.089348,2,564,0,11.192192
0,0.08792,2,564,0,11.373976
0,0.035562,2,275,0,28.119902
0,0.035561,2,275,0,28.120695
0,0.199297,17,4134,146996.7031,80.282196
0,0.204234,17,4150,143991.6875,78.341507
0,0.034299,2,231,0,29.155369
0,0.018921,2,231,0,52.851326
0,0.001703,2,209,0,587.199036
0,0.001701,2,209,0,587.889465
0,0.242465,8,725,17685.02734,28.870146
0,0.243039,8,725,17643.25977,28.801962
0,0.130845,2,256,0,7.642631
0,0.130346,2,256,0,7.671889
0,0.034374,2,200,0,29.091757
0,0.034374,2,200,0,29.091757
0,0.377393,10,2932,47441.26172,23.847818
0,0.390924,10,2932,45799.18359,23.022377
0,0.063541,2,226,0,15.737869
0,0.046961,2,226,0,21.294266
0,0.05893,2,193,0,16.969286
0,0.058931,2,193,0,16.968998
0,0.159058,8,760,28115.5293,44.009102
0,0.16608,8,760,26926.7832,42.148361
0,0.001433,2,282,0,697.836731
0,0.001884,2,201,0,530.785583
0,0.171081,9,1864,66307.77344,46.761475
0,0.167991,9,1864,67527.42969,47.621601
0,0.159574,2,308,0,6.266685
0,0.145794,2,308,0,6.858993
0,0.043356,2,320,0,23.064857
0,0.043353,2,320,0,23.066456
0,0.153727,9,957,38405.74609,52.040306
0,0.153828,9,957,38380.53125,52.006138
0,0.049737,2,316,0,20.105757
0,0.049593,2,316,0,20.164135
0,0.055162,2,328,0,18.128422
0,0.055136,2,328,0,18.136971
0,0,1,60,0,0
0,0,1,60,0,0
0,0.161334,9,1407,53355.15234,49.586575
0,0.168189,9,1407,51180.51563,47.565536
0,0.002238,2,630,0,446.827515
0,0.024536,2,224,0,40.756439
0,0.118608,8,807,39929.85547,59.017944
0,0.116901,8,807,40512.91016,59.879726
0,0.006944,2,546,0,144.009216
0,0.001272,2,300,0,786.163513
0,0.296745,9,796,16660.76953,26.959173
0,0.408527,9,796,12102.01563,19.58255
0,0.030982,2,609,0,32.276806
0,0.013177,2,609,0,75.889809
0,0.032761,4,430,52501.44922,91.572296
0,0.03276,2,215,0,30.525028
0,0.32129,9,851,16408.85156,24.899624
0,0.321565,9,851,16394.81836,24.878328
0,0.032633,2,320,0,30.643827
0,0.032596,2,320,0,30.678612
0,0.035416,2,210,0,28.235826
0,0.035405,2,210,0,28.244598
0,0.330566,9,927,17327.85547,24.200916
0,0.353847,9,927,16187.78711,22.608643
0,0.521425,2,294,0,1.917821
0,0.503497,2,294,0,1.986109
0,4.006647,3,180,239.601837,0.49917
0,0.220004,2,212,0,4.545372
0,0.220006,2,212,0,4.545331
0,0.688148,9,842,7579.764648,11.625406
0,0.67224,9,842,7759.133301,11.900512
0,0,1,154,0,0
0,0,1,154,0,0
0,0.219039,2,454,0,4.565397
0,0.202888,2,454,0,4.928828
0,0.218524,2,220,0,4.576157
0,0.218494,2,220,0,4.576785
0,0.715549,10,1336,11627.43555,12.577755
0,0.724935,10,1334,11454.82031,12.414907
0,0.473265,2,199,0,2.112981
0,0.450761,2,199,0,2.218471
0,0,1,92,0,0
0,0,1,60,0,0
0,0.302164,2,192,0,3.309461
0,0.302166,2,192,0,3.309439
0,1.344536,9,957,4391.105957,5.950008
0,1.34636,9,957,4385.157227,5.941947
0,0,1,394,0,0
0,0.027547,2,593,0,36.301594
0,0.012241,2,593,0,81.692673
0,0.001396,2,207,0,716.332336
0,0.001373,2,207,0,728.332153
0,0.336563,8,1069,18183.81836,20.798485
0,0.332802,8,1069,18389.3125,21.033527
0,0.001791,2,615,0,558.34729
0,0.003239,2,615,0,308.737274
0,0.002141,2,229,0,467.071472
0,0.00043,2,229,0,2325.581543
0,0.337524,8,1134,19364.54883,20.739265
0,0.33389,8,1135,19599.26953,20.964989
0,0.043391,2,207,0,23.046253
0,0.029769,2,207,0,33.591991
0,0.0437,2,207,0,22.883297
0,0.043701,2,207,0,22.882771
0,1.521511,6,552,2418.648438,3.286207
0,0,1,60,0,0
0,0,1,60,0,0
0,0,1,60,0,0
0,4.011541,3,180,239.30954,0.498562
0,3.069809,2,1180,1537.554932,0.325753
0,0.0342,2,614,0,29.239765
0,0.020572,2,614,0,48.609764
0,0.04076,2,215,0,24.533857
0,0.040748,4,430,42210.66016,73.623245
0,0.270751,8,791,17137.51758,25.854013
0,0.270812,8,791,17133.65625,25.84819
0,0.03249,2,326,0,30.778702
0,0.032488,2,326,0,30.780596
0,0.035245,2,210,0,28.372818
0,0.035234,2,210,0,28.381676
0,0.299358,8,1175,22367.86719,23.383373
0,0.299052,8,1187,22604.76367,23.407301
0,0.109896,2,339,0,9.099512
0,0.09404,2,339,0,10.633773
0,0.106206,2,212,0,9.415664
0,0.106207,2,212,0,9.415575
0,0.325858,9,889,16866.24219,24.550571
0,0.325916,8,831,14874.99902,21.477928
0,0.107921,2,399,0,9.266038
0,0.107314,2,399,0,9.318449
0,0.00128,2,254,0,781.25
0,0.001224,2,254,0,816.993469
0,0.481204,9,1369,17422.96484,16.624966
0,0.495386,9,1369,16924.17578,16.149023
0,0.053629,2,232,0,18.646627
0,0.040622,2,232,0,24.617203
0,0.053451,2,244,0,18.708723
0,0.053452,2,244,0,18.708374
0,0.150928,9,949,38799.95703,53.005405
0,0.150888,9,949,38810.24609,53.019459
0,0.053481,2,240,0,18.698229
0,0.05348,2,240,0,18.69858
0,0.054391,2,252,0,18.385395
0,0.054378,2,252,0,18.38979
0,0.164555,9,1395,51873.23438,48.615963
0,0.167084,9,1395,51088.07813,47.880112
0,0.331243,2,390,0,3.018932
0,0.312558,2,390,0,3.199406
0,0.426789,2,213,0,2.343078
0,0.426788,2,213,0,2.343084
0,0,1,204,0,0
0,0,1,204,0,0
0,1.32457,9,844,3943.921631,6.039696
0,1.320581,9,844,3955.834717,6.05794
0,0.312706,2,380,0,3.197892
0,0.299742,2,380,0,3.336202
0,0,1,164,0,0
0,0,1,164,0,0
0,0.311464,2,189,0,3.210644
0,0.311465,2,189,0,3.210634
0,0.796877,10,819,6585.708984,11.294089
0,0.790847,10,819,6635.92334,11.380203
0,0,1,92,0,0
0,0,1,60,0,0
0,0.752079,2,346,0,1.329648
0,0.748415,2,346,0,1.336157
0,4.007553,3,180,239.547668,0.499058
0,0.318975,2,241,0,3.135042
0,0.318976,2,241,0,3.135032
0,0,1,60,0,0
0,0,1,60,0,0
0,0,1,590,0,0
0,0.860758,10,1178,8773.662109,10.4559
0,0.880775,10,1178,8574.267578,10.218274
0,0,1,151,0,0
0,0.001432,2,220,0,698.324036
0,0.020011,2,198,0,49.972515
0,0.051167,9,799,96781.125,156.350769
0,0.051281,9,799,96565.97656,156.003189
0,0.001281,2,236,0,780.640137
0,0.01814,2,150,0,55.126793
0,0.278524,9,1041,23006.99219,28.722837
0,0,1,92,0,0
0,0,1,60,0,0
0,0.278125,9,1041,23040.00195,28.764046
0,0.06015,2,209,0,16.625103
0,0.046159,2,209,0,21.664248
0,0.035946,2,209,0,27.819508
0,0.035944,2,209,0,27.821054
0,1.515982,6,552,2427.469482,3.298192
0,0,1,60,0,0
0,0.224705,2,324,0,4.450279
0,0.211235,2,324,0,4.734064
0,0.223027,2,204,0,4.483762
0,0.223025,2,204,0,4.483802
0,1.525792,9,835,3387.093506,5.243179
0,1.524837,9,835,3389.2146,5.246462
0,0.105348,2,256,0,9.49235
0,0.089669,2,256,0,11.152126
0,0.111454,2,203,0,8.972311
0,0.110862,2,203,0,9.020224
0,0.1764,9,1109,38639.45313,45.351471
0,0.172566,9,1109,39497.93359,46.359074
0,4.012859,3,180,239.230942,0.498398
0,0.000526,2,264,0,1901.140747
0,0.001239,2,211,0,807.102478
0,0.209897,9,1289,37656.56641,38.113934
0,0.249823,9,1289,31638.40039,32.022671
0,0.532996,9,1370,15774.97754,15.009494
0,0.572257,9,1370,14692.7002,13.979733
0,0.001592,2,316,0,628.140686
0,0.026024,2,214,0,38.426067
0,1.530241,10,1058,4428.060547,5.881426
0,0.513718,9,998,11975.44141,15.572746
0,0.001586,2,324,0,630.517029
0,0.001412,2,222,0,708.215271
0,1.308602,10,1067,5226.952148,6.877569
0,0,1,60,0,0
0,0,1,60,0,0
0,0,1,153,0,0
0,0,1,92,0,0
0,1.432665,10,1067,4774.319336,6.281999
0,0.000022,2,102,0,45454.54688
0,0.090328,2,211,0,11.070765
0,0.068934,2,211,0,14.506629
0,0.089542,2,191,0,11.167943
0,0.089541,2,191,0,11.168068
0,0.50854,8,660,7755.535645,13.764896
0,3.49625,10,879,1597.139893,2.574187
0,0.511549,9,813,9852.428711,15.638776
0,0.090518,2,323,0,11.047526
0,0.090135,2,199,0,11.094469
0,0.498418,8,664,7961.188965,14.044436
0,0.507862,9,930,11310.16016,15.752312
0,4.009605,3,180,239.425079,0.498802
0,0.499377,9,931,11518.35156,16.01996
0,0,1,162,0,0
0,0,1,162,0,0
0,0.169654,2,192,0,5.89435
0,0.153748,2,192,0,6.504149
0,0.093846,2,185,0,10.655755
0,0.093844,2,185,0,10.655983
0,0,1,60,0,0
0,1.233153,9,838,4203.85791,6.487435
0,1.24489,9,838,4164.223633,6.426271
0,0,1,60,0,0
0,0,1,60,0,0
0,0.001196,2,264,0,836.120361
0,0.000992,2,193,0,1008.064514
0,1.338205,9,1189,5458.057617,5.978158
0,1.313179,9,1204,5629.087891,6.092086
0,0.098257,2,240,0,10.177392
0,0.082161,2,240,0,12.171225
0,0.051114,2,252,0,19.564112
0,0.051114,2,252,0,19.564112
0,0.152814,9,957,38635.20313,52.351223
0,0.152846,9,957,38627.11719,52.340267
0,0.052728,2,248,0,18.965256
0,0.052619,2,248,0,19.004543
0,0.052614,2,260,0,19.006348
0,0.052603,2,260,0,19.010323
0,0.161292,9,1409,53418.64453,49.599483
0,0.16247,9,1409,53031.32813,49.239861
0,2.004683,2,222,0,0.498832
0,1.990596,2,222,0,0.502362
0,0.452146,2,190,0,2.211675
0,0.452681,2,190,0,2.209061
0,0.436686,2,190,0,2.289975
0,0.437112,2,190,0,2.287743
0,0,1,92,0,0
0,0.452851,2,197,0,2.208232
0,0.452755,2,197,0,2.2087
0,2.093201,13,1223,3940.376709,5.732847
0,2.662706,14,1297,3343.966797,4.882252
0,4.006709,3,180,239.598129,0.499163
0,0,1,154,0,0
0,0,1,154,0,0
0,0.000871,2,198,0,1148.105591
0,0.001071,2,198,0,933.706787
0,0.452472,6,615,7249.067383,11.050407
0,0.451527,2,205,0,2.214707
0,2.683028,14,2833,7242.563477,4.845272
0,3.159638,14,3788,8056.619141,4.114396
0,0.029064,2,283,0,34.406826
0,0.00767,2,283,0,130.378098
0,0.029105,2,214,0,34.358356
0,0.029072,2,214,0,34.397358
0,0.279006,9,885,19612.48047,28.673218
0,0.27962,9,885,19569.41602,28.610258
0,0.043014,2,300,0,23.248243
0,0.030253,2,300,0,33.054573
0,0.042365,2,312,0,23.604391
0,0.042438,2,312,0,23.563787
0,0.155738,9,949,37601.61328,51.368324
0,0.153598,9,949,38125.49609,52.084015
0,0.053772,2,340,0,18.59704
0,0.052825,2,340,0,18.930431
0,0.049596,2,320,0,20.162916
0,0.049643,2,320,0,20.143827
0,0.128978,9,1395,66181.82813,62.026081
0,0.125013,9,1395,68280.89844,63.993347
0,0.047349,2,236,0,21.11977
0,0,1,60,0,0
0,0,1,60,0,0
0,0.03409,2,236,0,29.334114
0,0.000679,2,216,0,1472.754028
0,0.000678,2,216,0,1474.92627
0,0.051078,8,856,97732.88281,137.045303
0,0.048428,8,856,103080.8672,144.544479
0,0.133199,2,310,0,7.507564
0,0.120616,2,310,0,8.290774
0,0.082332,2,138,0,12.145946
0,0.082334,2,138,0,12.145651
0,0.320506,9,1160,22239.83203,24.960531
0,0.323117,9,1160,22060.12109,24.758835
0,0.330852,2,261,0,3.0225
0,0.317826,2,261,0,3.146376
0,0.330103,2,215,0,3.029357
0,0.330047,2,215,0,3.029871
0,0.83795,9,974,7169.878906,9.547109
0,0.859942,9,974,6986.517578,9.302953
0,0.16632,2,466,0,6.012506
0,0.143207,2,466,0,6.982899
0,3.06018,2,1180,1542.392944,0.326778
0,0,1,60,0,0
0,0.000669,2,201,0,1494.768433
0,0.000648,2,201,0,1543.209961
0,1.795855,9,799,2757.460938,4.454702
0,0.491435,8,739,8871.977539,14.244
0,4.010878,3,180,239.349091,0.498644
0,0.004632,2,518,0,215.889465
0,0.000743,2,272,0,1345.89502
0,0.038119,9,793,129279.3672,209.869095
0,0.095146,2,258,0,10.510163
0,0.081173,2,258,0,12.319366
0,0.09213,2,212,0,10.854228
0,0.09213,2,212,0,10.854228
0,0.282752,9,856,18730.19336,28.293344
0,0.292755,9,856,18090.21094,27.326603
0,0.003682,2,538,0,271.591522
0,0.000733,2,295,0,1364.25647
0,0.00363,9,845,1443526.25,2203.856689
0,0.003807,9,845,1376411.875,2101.392334
0,0.025455,2,449,0,39.285011
0,0.010339,2,449,0,96.721153
0,0.023612,2,199,0,42.351345
0,0.023527,2,199,0,42.504356
0,0.336212,9,809,14919.1582,23.79451
0,0.343337,9,809,14609.55273,23.300722
0,0.019188,2,471,0,52.115906
0,0.01496,2,471,0,66.844917
1,0.0001,6,1458,97200000,50000
1,0.000001,2,120,480000000,1000000
1,2.244489,36,3960,13722.5,15.59375
1,0.000001,2,120,480000000,1000000
1,0.000251,20,1038,29737052,75697.21094
1,0.003474,20,3772,8253310.5,5469.199707
1,0.000125,20,1038,59711996,152000
1,4.034975,86,15420,29860.9043,21.065805
1,4.503699,42,9558,16574.82031,9.103628
1,0.000002,2,120,240000000,500000
1,0.489681,86,15452,246593.1875,173.582397
1,2.001299,56,7928,31127.7832,27.482151
1,0.497835,82,15188,238135.125,162.704514
1,0.517652,86,15452,233268.6875,164.202988
1,0.660346,86,15452,182861.7188,128.720398
1,0.001349,11,660,3202372,7412.898438
1,0.887995,28,8442,70631.03125,30.405577
1,0.000692,11,660,6242775,14450.86719
1,0.790525,112,84216,838561.6875,140.41301
1,0.497831,86,15452,242556.2188,170.740677
1,1.975394,58,8180,32556.54297,28.855003
1,0.509899,86,15452,236815.5156,166.699677
1,3.001022,18,3150,7930.631348,5.664737
1,0.000695,11,660,6215827.5,14388.48926
1,4.927415,100,78250,124816.7656,20.091671
1,1.001489,12,2844,20824.99023,10.983644
1,0.000619,11,660,6978998.5,16155.08887
1,0.299061,12,2246,49621.98438,36.781796
1,0.557755,86,15452,216496.5,152.396667
1,0.566971,82,15188,209097.1094,142.864456
1,0.001469,11,660,2940776.25,6807.352051
1,0.035496,92,76264,16865674,2563.669189
1,0.012473,6,816,436142.0625,400.865875
1,4.006523,30,7002,13515.95801,7.238196
1,0.199219,12,2246,74490.88281,55.215614
1,0.512401,86,15452,235659.1875,165.885712
1,2.109389,58,8190,30526.375,27.022041
1,0.001445,4,240,664359.875,2076.124756
1,0.586358,90,15716,209687.5938,151.784409
1,0.581468,82,15188,203883.9688,139.302597
1,0.049597,92,76264,12070569,1834.788452
1,0.161821,6,816,33617.39453,30.89834
1,0.58312,80,15056,201426.8125,135.478119
1,0.000318,4,240,3018867.75,9433.961914
1,0.000297,4,240,3232323.25,10101.01074
1,1.053205,38,10846,77872.78125,35.130863
1,0.000332,4,240,2891566.25,9036.144531
1,0.389186,14,2432,42838.12891,33.403053
1,0.193458,6,1876,50284.81641,25.845402
1,0.000352,4,240,2727272.75,8522.727539
1,0.317551,14,2432,52501.80469,40.938309
1,0.000588,11,660,7346939,17006.80273
1,0.493847,106,82140,1307951.625,212.616455
1,0.000279,4,240,3440860.25,10752.68848
1,0.00001,4,240,96000000,300000
1,0.000146,9,1944,94684928,54794.51953
1,0.000071,9,828,82929576,112676.0547
1,2.25123,36,3312,11442.63379,15.547056
1,0.00005,9,540,76800000,160000
1,0.00001,4,240,96000000,300000
1,0.000116,9,1575,96551720,68965.51563
1,0.000132,4,240,7272727,22727.27344
1,0.000002,4,240,480000000,1500000
1,0.000001,4,240,960000000,3000000
1,0.000207,4,240,4637681,14492.75293
1,0.000312,4,240,3076923.25,9615.384766
1,0.243699,14,2432,68412.26563,53.344494
1,0.00001,4,240,96000000,300000
1,0.000011,4,240,87272728,272727.2813
1,0.00001,4,240,96000000,300000
1,0.000009,4,240,106666664,333333.3125
1,0.00001,4,240,96000000,300000
1,0.00001,4,240,96000000,300000
1,0.000003,4,240,320000000,999999.9375
1,0.001143,4,240,839895.0625,2624.671875
1,0.590674,24,8160,101402.8047,38.938568
1,0.000867,4,240,1107266.375,3460.20752
1,0.295882,12,2246,50155.13281,37.176983
1,0.001143,4,240,839895.0625,2624.671875
1,0.000871,4,240,1102181.375,3444.316895
1,0.477531,20,6246,94234.71875,39.787994
1,0.00001,4,240,96000000,300000
1,0.026703,6,816,203722.4219,187.244873
1,0.001364,4,240,703812.3125,2199.41333
1,0.014442,6,816,376679.125,346.212433
1,0.018314,90,76124,32627716,4859.669922
1,0.001714,4,240,560093.375,1750.291748
1,0.000002,4,240,480000000,1500000
1,0.000342,4,240,2807017.5,8771.929688
1,0.012822,96,76630,46946184,7409.140137
1,0.014234,6,816,382183.5,351.271606
1,0.00001,4,240,96000000,300000
1,0.001436,4,240,668523.6875,2089.136475
1,0.000002,4,240,480000000,1500000
1,0.00001,4,240,96000000,300000
1,4.578292,63,5796,9967.036133,13.542169
1,0.003016,4,240,318302.4063,994.695007
1,0.000521,4,664,7646833,5758.157227
1,0.750657,18,1656,16668.06445,22.646828
1,0.001344,11,660,3214286,7440.476074
1,2.914478,50,30048,78842.24219,16.812616
1,0.001267,6,436,1818468.875,3946.330078
1,0.000021,2,648,123428576,47619.04688
1,4.998329,44,31124,47379.03125,8.602875
1,0.002746,8,528,1153678.125,2549.162354
1,0.00323,6,436,713312.6875,1547.987671
1,0.003485,6,436,661119.0625,1434.720215
1,0.003942,6,436,584474.875,1268.391602
1,4.608444,84,58382,98837.69531,18.010416
1,0.00001,4,240,96000000,300000
1,0.000008,4,240,120000000,375000
1,0.733975,32,8904,90793.28125,42.235771
1,0.001364,4,240,703812.3125,2199.41333
1,0.001502,4,240,639147.8125,1997.336792
1,0.651024,24,8202,92482,35.32896
1,0.000871,4,240,1102181.375,3444.316895
1,1.29395,50,19804,117581.0625,37.868542
1,0.000011,4,240,87272728,272727.2813
1,0.002569,8,528,1233164.625,2724.795654
1,0.003459,8,528,915871.625,2023.706299
1,0.001294,4,240,741885.625,2318.392578
1,4.867816,42,15792,24730.59766,8.422668
1,0.000002,4,264,528000000,1500000
1,0.000001,4,240,960000000,3000000
1,0.00001,4,240,96000000,300000
1,0.000103,6,1458,94368936,48543.69141
1,0.001438,4,240,667593.875,2086.230957
1,0.509878,24,8160,117471.2422,45.108833
1,0.001052,4,240,912547.5625,2851.711182
1,1.231333,52,21628,135177.0781,41.418526
1,0.017621,8,528,179785.4844,397.253296
1,0.001381,4,264,764663.25,2172.338867
1,0.000009,4,240,106666664,333333.3125
1,0.00001,4,240,96000000,300000
1,0.00001,4,240,96000000,300000
1,0.000106,6,1458,91698112,47169.8125
1,0.000117,20,1038,63794872,162393.1563
1,0.000028,2,668,95428568,35714.28516
1,0.005668,15,3420,4505293,2470.00708
1,0.000154,9,1971,91012992,51948.05469
1,0.000074,9,828,79567568,108108.1016
1,0.00001,2,208,83200000,100000
1,0.001709,11,660,2527794,5851.375
1,0.177128,66,10306,451424.9375,366.966248
1,0.000096,6,1458,101250000,52083.33203
1,0.000144,9,1944,96000000,55555.55469
1,2.251183,36,3312,11442.87207,15.54738
1,0.000073,9,828,80657528,109589.0391
1,0.001874,11,660,2305229.5,5336.179199
1,2.246987,4,416,740.54718,1.335121
1,0.000019,2,446,93894744,52631.58203
1,0.046901,42,5644,917165.9375,874.181824
1,0.000148,9,1962,94270264,54054.05078
1,0.000105,6,1458,92571432,47619.04688
1,0.000101,6,1458,96237624,49504.95313
1,0.005159,15,3474,5028881.5,2713.704346
1,0.000158,9,2025,91139240,50632.91406
1,0.094411,66,10408,855239.3125,688.479065
1,0.000098,6,1458,99183680,51020.41016
1,0.0001,6,1458,97200000,50000
1,0.0001,6,1458,97200000,50000
1,0.0001,6,1458,97200000,50000
1,0.00015,9,2016,95573328,53333.33203
1,0.000145,20,1038,51475864,131034.4844
1,0.000026,2,668,102769232,38461.53906
1,0.00027,20,1038,27644446,70370.375
1,0.000011,2,260,94545456,90909.09375
1,0.000151,9,2016,94940400,52980.13281
1,0.000138,20,1038,54086956,137681.1563
1,0.000025,2,668,106880000,40000
1,0.000156,9,2016,91897440,51282.05469
1,0.0001,6,1458,97200000,50000
1,0.000374,20,1038,19957220,50802.14063
1,0.000029,2,668,92137928,34482.75781
1,0.000102,6,1458,95294120,49019.60938
1,0.000107,6,1458,90841120,46728.97266
1,0.000097,6,1458,100206192,51546.39453
1,0.000137,20,1038,54481752,138686.1406
1,0.000597,4,630,6338358.5,5025.125488
1,0.0001,6,1458,97200000,50000
1,0.0001,6,1458,97200000,50000
1,0.000403,27,1458,26739454,64516.12891
1,0.000028,2,668,95428568,35714.28516
1,0.000411,27,1458,26218978,63260.34375
1,0.000029,2,668,92137928,34482.75781
1,0.000099,6,1458,98181824,50505.05078
1,0.000102,6,1494,97647064,49019.60938
1,0.000101,6,1458,96237624,49504.95313
1,0.0001,6,1458,97200000,50000
1,0.000099,6,1458,98181824,50505.05078
1,0.000344,27,1458,31325582,75581.39844
1,0.000028,2,668,95428568,35714.28516
1,0.000069,9,828,85333328,115942.0234
1,0.00209,11,660,2066985.625,4784.688965
1,0.00001,2,208,83200000,100000
1,0.144619,66,10360,555777.5625,449.456848
1,0.0001,6,1458,97200000,50000
1,0.000068,9,828,86588232,117647.0547
1,0.001449,11,660,2981366.5,6901.311523
1,0.000083,9,936,80192776,96385.54688
1,0.092947,80,11262,944796.5,849.946777
1,0.000099,6,1458,98181824,50505.05078
1,0.00038,20,1038,19642104,50000
1,0.000026,2,680,104615384,38461.53906
1,0.000107,6,1458,90841120,46728.97266
1,0.000099,6,1458,98181824,50505.05078
1,0.000098,6,1458,99183680,51020.41016
1,0.0001,6,1458,97200000,50000
1,0.0001,6,1458,97200000,50000
1,0.000107,6,1458,90841120,46728.97266
1,0.0001,6,1458,97200000,50000
1,0.0001,6,1458,97200000,50000
1,0.000067,9,828,87880592,119402.9844
1,0.001414,11,660,3055162.5,7072.135742
1,0.00001,2,208,83200000,100000
1,0.080874,42,5620,529613.9375,506.961426
1,1.088815,12,2952,19882.16602,10.102727
1,0.000066,9,828,89212120,121212.1172
1,0.001386,11,660,3116882.75,7215.007324
1,0.00001,2,208,83200000,100000
1,0.058529,42,5620,731808.125,700.507446
1,0.000067,9,828,87880592,119402.9844
1,0.000055,9,540,69818184,145454.5469
1,0.000446,27,1458,24161436,58295.96484
1,0.00001,2,158,63200000,100000
1,0.000378,11,660,11428572,26455.02734
1,0.00038,11,660,11368421,26315.78906
1,0.290323,30,4290,109643.3984,99.888748
1,0.000917,11,660,4711014,10905.125
1,0.236012,12,2246,62878.16016,46.6078
1,0.00094,11,660,4595744.5,10638.29785
1,0.199824,12,2246,74265.35156,55.048443
1,0.000249,27,1458,43277108,104417.6719
1,0.000001,2,152,608000000,1000000
1,0.000674,18,1080,11394659,25222.55078
1,0.000705,11,660,6127659.5,14184.39648
1,0.18417,19,2680,103860.5703,97.735794
1,0.001214,4,240,790774.25,2471.169678
1,0.001351,4,240,710584.75,2220.577393
1,0.00001,4,240,96000000,300000
1,0.00001,2,152,60800000,100000
1,0.000419,18,1080,18329356,40572.79297
1,0.000334,11,660,12934133,29940.11914
1,0.275273,28,3286,87767.41406,98.08445
1,0.000502,18,1080,15298805,33864.54297
1,0.000369,11,660,11707316,27100.27148
1,0.21111,28,3286,114442.7109,127.895416
1,0.000313,11,660,13801917,31948.88281
1,0.000274,4,240,3503649.75,10948.90527
1,0.207735,14,2432,80256.09375,62.579727
1,0.001167,11,660,3701799.25,8568.980469
1,0.178315,12,2246,83223.50781,61.688583
1,0.000312,11,660,13846154,32051.2832
1,0.234916,14,2432,70970.04688,55.338928
1,0.001408,4,240,681818.1875,2130.681885
1,0.00001,4,240,96000000,300000
1,0.00001,4,240,96000000,300000
1,0.000361,4,240,2659279.75,8310.249023
1,0.000001,4,240,960000000,3000000
1,0.000338,4,240,2840236.5,8875.739258
1,0.000001,4,240,960000000,3000000
1,0.000321,11,660,13457944,31152.64844
1,0.000316,4,240,3037974.75,9493.670898
1,0.273577,14,2432,60940.79297,47.518612
1,0.000011,4,240,87272728,272727.2813
1,0.000009,4,240,106666664,333333.3125
1,0.00001,4,240,96000000,300000
1,0.000011,4,240,87272728,272727.2813
1,0.000652,11,660,6625766.5,15337.42285
1,0.228046,12,2246,65074.58984,48.235882
1,0.001415,4,240,678445.25,2120.141357
1,0.000011,4,240,87272728,272727.2813
1,0.00043,27,1458,25060466,60465.11719
1,0.000011,2,152,55272728,90909.09375
1,0.000256,27,1458,42093752,101562.5
1,0.000003,2,152,202666656,333333.3125
1,0.000011,4,240,87272728,272727.2813
1,0.000239,27,1458,45087864,108786.6094
1,0.000011,2,152,55272728,90909.09375
1,0.000067,9,828,87880592,119402.9844
1,0.001725,11,660,2504347.75,5797.101562
1,0.000009,2,208,92444440,111111.1094
1,0.084468,42,5620,507079.5938,485.39093
1,0.000099,6,1458,98181824,50505.05078
1,0.000699,18,1080,10987124,24320.45703
1,0.001014,11,660,4260355,9861.932617
1,0.256611,19,2680,74540.84375,70.145088
1,0.000011,4,240,87272728,272727.2813
1,0.000099,6,1458,98181824,50505.05078
1,0.000404,20,1038,18475248,47029.70313
1,0.141254,6,1078,50915.375,35.397228
1,0.000265,20,1038,28166036,71698.10938
1,0.000817,4,800,5875153,3671.970703
1,0.219609,6,1052,31947.6875,22.767736
1,0.000354,4,240,2711864.5,8474.576172
1,0.000004,2,260,260000000,250000
1,0.000068,9,828,86588232,117647.0547
1,0.000051,9,540,75294120,156862.75
1,0.001848,11,660,2337662.25,5411.255371
1,0.04891,42,5620,875730.9375,838.274414
1,0.00007,9,828,84114280,114285.7109
1,0.002026,11,660,2132280.25,4935.833984
1,0.000011,2,208,75636360,90909.09375
1,0.081285,42,5620,526936.0625,504.398102
1,0.000066,9,828,89212120,121212.1172
1,0.002371,11,660,1822016.125,4217.629883
1,0.00001,2,208,83200000,100000
1,0.135521,66,10360,593088.9375,479.630493
1,0.000098,6,1458,99183680,51020.41016
1,0.000065,9,828,90584616,123076.9219
1,0.001277,11,660,3382929.25,7830.854004
1,0.000082,9,936,81170736,97560.97656
1,0.092848,80,11262,945803.875,850.852966
1,0.0001,6,1458,97200000,50000
1,0.000099,6,1458,98181824,50505.05078
1,0.000107,6,1458,90841120,46728.97266
1,0.000101,6,1458,96237624,49504.95313
1,0.000101,6,1458,96237624,49504.95313
1,0.000067,9,828,87880592,119402.9844
1,0.002079,11,660,2077922.125,4810.004883
1,0.000082,9,936,81170736,97560.97656
1,0.078189,67,8751,868152.8125,844.108521
1,0.000068,9,828,86588232,117647.0547
1,0.002209,11,660,1955636,4526.935059
1,0.000081,9,936,82172840,98765.4375
1,0.047219,42,5620,907092.5,868.294556
1,0.000099,6,1458,98181824,50505.05078
1,0.000101,6,1458,96237624,49504.95313
1,0.0001,6,1458,97200000,50000
1,0.000305,20,1038,24472132,62295.08203
1,0.000138,6,2004,96811592,36231.88281
1,0.000145,20,1038,51475864,131034.4844
1,0.000028,2,668,95428568,35714.28516
1,0.000305,20,1038,24472132,62295.08203
1,0.000029,2,668,92137928,34482.75781
1,0.000363,20,1038,20561984,52341.59766
1,0.000029,2,668,92137928,34482.75781
1,0.000258,20,1038,28930234,73643.41406
1,0.000029,2,668,92137928,34482.75781
1,0.0001,6,1458,97200000,50000
1,0.000067,9,828,87880592,119402.9844
1,0.001573,11,660,2746344.5,6357.279297
1,0.000009,2,208,92444440,111111.1094
1,0.074164,42,5620,577530.875,552.828857
1,0.000101,6,1458,96237624,49504.95313
1,0.000209,20,1038,35712916,90909.08594
1,0.000029,2,668,92137928,34482.75781
1,0.000067,9,828,87880592,119402.9844
1,0.000053,9,540,72452832,150943.3906
1,0.0001,6,1458,97200000,50000
1,0.000099,6,1458,98181824,50505.05078
1,0.000231,20,1038,32311688,82251.08594
1,0.000026,2,668,102769232,38461.53906
1,0.000111,6,1494,89729728,45045.04297
1,0.000133,20,1038,56120304,142857.1563
1,0.000026,2,668,102769232,38461.53906
1,0.001691,18,1080,4541691.5,10053.22363
1,0.068941,56,6498,726070.125,797.78363
1,0.000241,20,1038,30970954,78838.17188
1,0.000028,2,668,95428568,35714.28516
1,0.000067,9,828,87880592,119402.9844
1,0.001991,11,660,2169764,5022.601562
1,0.00001,2,208,83200000,100000
1,0.181399,66,10360,443089.5313,358.326111
1,0.000098,6,1458,99183680,51020.41016
1,0.000167,20,1038,44694608,113772.4531
1,0.000025,2,668,106880000,40000
1,0.000318,20,1038,23471698,59748.42578
1,0.000029,2,668,92137928,34482.75781
1,0.000066,9,828,89212120,121212.1172
1,0.000733,11,660,5893588,13642.56445
1,0.000012,2,208,69333328,83333.32813
1,0.094935,66,10408,850518.75,684.679016
1,0.0001,6,1458,97200000,50000
1,0.000099,6,1458,98181824,50505.05078
1,0.0001,6,1458,97200000,50000
1,0.0001,6,1458,97200000,50000
1,0.000099,6,1458,98181824,50505.05078
1,0.000411,18,1080,18686132,41362.53125
1,0.235696,44,5144,166825.0625,182.4384
1,0.000342,4,240,2807017.5,8771.929688
1,0.000774,11,660,5581394.5,12919.89648
1,0.001385,4,240,693140.8125,2166.064941
1,0.309317,12,2246,47976.67188,35.562222
1,0.001759,18,1080,4366117,9664.582031
1,0.31743,19,2680,60258.95703,56.705418
1,0.000761,11,660,5676742,13140.60449
1,0.188284,12,2246,78817.10938,58.422386
1,0.00001,4,240,96000000,300000
1,0.000558,4,240,1720430.125,5376.344238
1,0.000365,11,660,11835617,27397.25977
1,0.000268,4,240,3582089.5,11194.0293
1,0.323464,14,2432,51542.05469,40.189941
1,0.000401,11,660,10773067,24937.65625
1,0.255804,14,2432,65174.89844,50.82016
1,0.000342,11,660,12631578,29239.76563
1,0.259198,14,2432,64321.48047,50.154705
1,0.001197,4,240,802005,2506.265625
1,0.000951,11,660,4542586.5,10515.24707
1,0.244572,12,2246,60677.42969,44.976532
1,0.000307,11,660,14071661,32573.28906
1,0.274163,14,2432,60810.53906,47.417046
1,0.000343,4,240,2798834,8746.355469
1,0.00001,4,240,96000000,300000
1,0.00001,4,240,96000000,300000
1,0.000326,4,240,2944785.25,9202.454102
1,0.000749,4,240,1281709,4005.340576
1,0.000325,4,240,2953846.25,9230.769531
1,0.000011,4,240,87272728,272727.2813
1,0.00001,4,240,96000000,300000
1,0.000278,11,660,15539569,35971.22266
1,0.000317,4,240,3028391.25,9463.722656
1,0.296058,14,2432,56313.28906,43.910316
1,0.000011,4,240,87272728,272727.2813
1,0.00001,4,240,96000000,300000
1,0.000001,4,240,960000000,3000000
1,0.00001,4,240,96000000,300000
1,0.001393,11,660,3101220.25,7178.750977
1,0.225973,12,2246,65671.5625,48.678383
1,0.000011,4,240,87272728,272727.2813
1,0.000327,27,1458,32954130,79510.70313
1,0.000008,2,152,76000000,125000
1,0.000663,4,240,1447963.875,4524.887207
1,0.000257,27,1458,41929960,101167.3125
1,0.000011,2,152,55272728,90909.09375
1,0.000001,4,240,960000000,3000000
1,0.000158,27,1458,68202536,164556.9688
1,0.000003,2,152,202666656,333333.3125
1,0.0001,6,1458,97200000,50000
1,0.000096,6,1458,101250000,52083.33203
1,0.000099,6,1458,98181824,50505.05078
1,0.001273,11,660,3393558.75,7855.459473
1,0.23519,12,2246,63097.91797,46.770695
1,0.001133,4,240,847308,2647.837646
1,0.00001,4,240,96000000,300000
1,0.0003,27,1458,35920000,86666.66406
1,0.000009,2,158,70222216,111111.1094
1,0.0001,6,1458,97200000,50000
1,0.000001,2,152,608000000,1000000
1,0.000302,4,240,3178808,9933.774414
1,0.000289,27,1458,37287200,89965.39844
1,0.000008,2,152,76000000,125000
1,0.0001,6,1458,97200000,50000
1,0.000214,20,1038,34878504,88785.04688
1,0.000029,2,668,92137928,34482.75781
1,0.000331,20,1038,22549850,57401.81641
1,0.000025,2,680,108800000,40000
1,0.000099,6,1458,98181824,50505.05078
1,0.000099,6,1458,98181824,50505.05078
1,0.000101,6,1494,98613864,49504.95313
1,0.000067,9,828,87880592,119402.9844
1,0.001828,11,660,2363238.5,5470.459473
1,0.000083,9,936,80192776,96385.54688
1,0.138157,73,10794,607946.0625,521.14624
1,0.000099,6,1458,98181824,50505.05078
1,0.000067,9,828,87880592,119402.9844
1,0.001533,11,660,2818003.75,6523.157227
1,0.000082,9,936,81170736,97560.97656
1,0.070988,49,6054,654082.375,676.170654
1,0.000068,9,828,86588232,117647.0547
1,0.001683,11,660,2566845.25,5941.770508
1,0.000083,9,936,80192776,96385.54688
1,0.047712,63,7475,1211938.375,1299.463501
1,0.000066,9,828,89212120,121212.1172
1,0.000973,11,660,4439876.5,10277.49219
1,0.000083,9,936,80192776,96385.54688
1,0.061901,91,13539,1710990.125,1453.93457
1,0.000067,9,828,87880592,119402.9844
1,0.000051,9,540,75294120,156862.75
1,0.0001,6,1458,97200000,50000
1,0.0001,6,1458,97200000,50000
1,0.000097,6,1458,100206192,51546.39453
1,0.000098,6,1458,99183680,51020.41016
1,0.000098,6,1458,99183680,51020.41016
1,0.000116,27,1458,92896552,224137.9219
1,0.141595,15,2964,156333.2031,98.873543
1,0.000404,27,1458,26673268,64356.4375
1,0.184212,6,1060,38390.55078,27.142641
1,0.121437,6,1052,57774.8125,41.173615
1,0.000226,4,240,4247787.5,13274.33594
1,0.000107,6,1458,90841120,46728.97266
1,0.000105,6,1458,92571432,47619.04688
1,0.000066,9,828,89212120,121212.1172
1,0.002325,11,660,1858064.5,4301.075195
1,0.00001,2,208,83200000,100000
1,0.078271,42,5620,547226.9375,523.821045
1,0.000099,6,1458,98181824,50505.05078
1,0.000099,6,1458,98181824,50505.05078
1,0.000069,9,828,85333328,115942.0234
1,0.000055,9,540,69818184,145454.5469
1,0.0001,6,1458,97200000,50000
1,0.049151,42,5620,871437,834.164124
1,0.001899,11,660,2274881.5,5265.929199
1,0.000067,9,828,87880592,119402.9844
1,0.001817,11,660,2377545.5,5503.577148
1,0.00001,2,208,83200000,100000
1,0.094268,42,5620,454364.1563,434.930206
1,0.000098,6,1458,99183680,51020.41016
1,0.0001,6,1458,97200000,50000
1,0.000065,9,828,90584616,123076.9219
1,0.002167,11,660,1993539.5,4614.674805
1,0.00001,2,208,83200000,100000
1,0.079748,42,5620,537091.875,514.119507
1,0.000348,27,1458,30965518,74712.64063
1,0.003585,27,3753,8064714,7252.44043
1,0.000066,9,828,89212120,121212.1172
1,0.001829,11,660,2361946.5,5467.46875
1,0.00001,2,208,83200000,100000
1,0.081362,42,5620,526437.375,503.920746
1,0.000369,11,660,11707316,27100.27148
1,0.00029,11,660,14896550,34482.75781
1,0.163014,193,83472,4028267.75,1177.812988
1,0.0004,18,1080,19200000,42500
1,0.000287,11,660,15052265,34843.20703
1,0.18545,141,117166,5002577.5,754.920471
1,0.000388,18,1080,19793816,43814.43359
1,0.015752,137,112790,56672420,8633.824219
1,0.000442,18,1080,17375566,38461.53906
1,0.000381,11,660,11338582,26246.7207
1,0.01354,139,117046,68446680,10192.02344
1,0.000336,4,240,2857143,8928.571289
1,0.00001,4,240,96000000,300000
1,0.00001,4,240,96000000,300000
1,0.00001,4,240,96000000,300000
1,0.000011,4,240,87272728,272727.2813
1,0.000399,18,1080,19248120,42606.51563
1,0.000321,11,660,13457944,31152.64844
1,0.016265,140,117106,57008796,8545.958008
1,0.000329,4,240,2917933,9118.541016
1,0.214626,14,2432,77679.3125,60.57048
1,0.000011,4,240,87272728,272727.2813
1,0.000628,11,660,6878981,15923.56641
1,0.02365,143,80304,26677716,6004.228516
1,0.000643,18,1080,11944012,26438.56836
1,0.000574,11,660,7526132.5,17421.60352
1,4.541513,105,78576,136167.8438,22.899858
1,0.001619,11,660,2668313.75,6176.652344
1,0.276117,12,2246,53745.33203,39.838184
1,0.000902,11,660,4789356.5,11086.47461
1,0.605787,98,78140,1013214.25,160.122299
1,0.000275,27,1458,39185456,94545.45313
1,0.003533,6,816,1539768,1415.227905
1,0.001182,4,240,812182.6875,2538.071045
1,0.036293,6,816,149891.1563,137.767609
1,0.001314,11,660,3287671.25,7610.350098
1,1.59733,98,78140,384261.25,60.726337
1,0.000011,4,240,87272728,272727.2813
1,0.001271,4,240,755310.75,2360.346191
1,0.001131,4,240,848806.375,2652.52002
1,0.000402,4,240,2388059.75,7462.686523
1,0.279389,14,2432,59673.07422,46.530109
1,0.000426,18,1080,18028168,39906.10156
1,0.000317,11,660,13627760,31545.74219
1,0.302012,28,3286,79996.82031,89.400421
1,0.00034,4,240,2823529.5,8823.529297
1,0.236351,14,2432,70539.15625,55.002941
1,0.000804,18,1080,9552239,21144.2793
1,0.000676,11,660,6390532.5,14792.89844
1,0.14746,127,112850,6051485,854.468994
1,0.000341,4,240,2815249.25,8797.65332
1,0.240452,14,2432,69336.07813,54.064842
1,0.000009,4,240,106666664,333333.3125
1,0.000538,4,240,1784386.5,5576.208008
1,0.000011,4,240,87272728,272727.2813
1,0.00001,4,240,96000000,300000
1,0.000338,4,240,2840236.5,8875.739258
1,0.000002,4,240,480000000,1500000
1,0.000298,4,240,3221476.5,10067.11426
1,0.285886,14,2432,58316.95313,45.472672
1,0.00001,4,240,96000000,300000
1,0.000002,4,240,480000000,1500000
1,0.00001,4,240,96000000,300000
1,0.000011,4,240,87272728,272727.2813
1,0.00001,4,240,96000000,300000
1,0.000011,4,240,87272728,272727.2813
1,0.001471,4,240,652617.25,2039.428955
1,0.237083,12,2246,62594.11328,46.397251
1,0.000421,27,1458,25596200,61757.71875
1,0.003967,6,816,1371313.25,1260.398193
1,0.00001,4,240,96000000,300000
1,0.000297,27,1458,36282828,87542.09375
1,0.003991,6,816,1363067,1252.818848
1,0.000767,4,240,1251629.75,3911.342773
1,0.144378,92,76264,4146504.25,630.289917
1,0.000345,4,240,2782608.75,8695.652344
1,0.013244,94,76510,45377832,7022.047363
1,0.000002,4,240,480000000,1500000
1,0.000348,27,1458,30965518,74712.64063
1,0.005203,6,816,1045550.688,960.98407
1,0.000002,4,240,480000000,1500000
1,0.000003,4,240,320000000,999999.9375
1,0.001644,4,240,583941.625,1824.817627
1,0.238523,12,2246,62216.21875,46.117146
1,0.000011,4,240,87272728,272727.2813
1,0.000061,9,828,96524592,131147.5469
1,0.001619,11,660,2668313.75,6176.652344
1,0.00001,2,208,83200000,100000
1,0.12855,66,10360,625250.9375,505.639862
1,0.000099,6,1458,98181824,50505.05078
1,0.000068,9,828,86588232,117647.0547
1,0.001705,11,660,2533724.5,5865.103027
1,0.000011,2,208,75636360,90909.09375
1,0.074856,42,5620,572191.9375,547.718323
1,0.000068,9,828,86588232,117647.0547
1,0.000759,11,660,5691699.5,13175.23047
1,0.000011,2,208,75636360,90909.09375
1,0.05892,66,10408,1370400.5,1103.190796
1,0.000101,6,1458,96237624,49504.95313
1,0.0001,6,1458,97200000,50000
1,0.000097,6,1458,100206192,51546.39453
1,0.0001,6,1458,97200000,50000
1,0.000099,6,1458,98181824,50505.05078
1,0.000103,6,1494,96699032,48543.69141
1,0.000066,9,828,89212120,121212.1172
1,0.000053,9,540,72452832,150943.3906
1,0.0001,6,1458,97200000,50000
1,0.0001,6,1458,97200000,50000
1,0.000097,6,1458,100206192,51546.39453
1,0.000098,6,1458,99183680,51020.41016
1,0.002195,11,660,1968109.625,4555.808594
1,0.071016,42,5644,605722.6875,577.334717
1,0.000101,6,1458,96237624,49504.95313
1,0.000099,6,1458,98181824,50505.05078
1,0.000105,6,1458,92571432,47619.04688
1,0.000069,9,828,85333328,115942.0234
1,0.002296,18,1080,3344947.75,7404.181152
1,0.000081,9,936,82172840,98765.4375
1,0.137952,101,13867,788390.1875,724.889832
1,0.000106,6,1458,91698112,47169.8125
1,0.000101,6,1458,96237624,49504.95313
1,0.000068,9,828,86588232,117647.0547
1,0.000545,11,660,7926605.5,18348.62305
1,0.000082,9,936,81170736,97560.97656
1,0.0949,87,12263,1009568,906.217102
1,0.0001,6,1458,97200000,50000
1,0.0001,6,1458,97200000,50000
1,0.000101,6,1458,96237624,49504.95313
1,0.0001,6,1458,97200000,50000
1,0.000098,6,1458,99183680,51020.41016
1,0.0001,6,1458,97200000,50000
1,0.000099,6,1458,98181824,50505.05078
1,0.000099,6,1458,98181824,50505.05078
1,3.253353,12,2952,6654.058105,3.381127
1,0.000355,27,1458,30354930,73239.4375
1,0.000066,9,711,76606064,121212.1172
1,0.00038,11,660,11368421,26315.78906
1,0.261302,30,4290,121820.7344,110.982697
1,0.000372,4,240,2580645,8064.516113
1,0.000558,11,660,7741935.5,17921.14648
1,0.001541,4,240,622972.125,1946.787842
1,0.279754,12,2246,53046.60156,39.320259
1,0.000751,11,660,5752331,13315.5791
1,0.000559,4,240,1717352.375,5366.726074
1,0.27194,12,2246,54570.86328,40.4501
1,0.000347,27,1458,31054756,74927.95313
1,0.00001,2,152,60800000,100000
1,0.001418,18,1080,5416079,11988.7168
1,0.176929,19,2680,108111.1641,101.735725
1,0.00001,4,240,96000000,300000
1,0.000002,2,152,304000000,500000
1,0.000401,18,1080,19152120,42394.01563
1,0.22139,28,3286,109128.6875,121.956734
1,0.000494,4,240,1943319.875,6072.875
1,0.000358,18,1080,21452514,47486.03516
1,0.000329,11,660,13130698,30395.13672
1,0.23542,28,3286,102625.0938,114.688637
1,0.000308,11,660,14025975,32467.5332
1,0.267315,14,2432,62368.36719,48.631763
1,0.001429,11,660,3023093,6997.900391
1,0.227756,12,2246,65157.44922,48.297302
1,0.000362,11,660,11933702,27624.31055
1,0.298276,14,2432,55894.53906,43.583794
1,0.000394,4,240,2436548.25,7614.213379
1,0.001155,4,240,831168.875,2597.402832
1,0.00001,4,240,96000000,300000
1,0.00001,4,240,96000000,300000
1,0.000349,4,240,2750716.25,8595.988281
1,0.000323,4,240,2972136.25,9287.925781
1,0.00001,4,240,96000000,300000
1,0.000215,4,240,4465116.5,13953.48926
1,0.000011,4,240,87272728,272727.2813
1,0.000397,18,1080,19345088,42821.16016
1,0.000362,11,660,11933702,27624.31055
1,0.212767,28,3286,113551.4375,126.899376
1,0.000001,4,240,960000000,3000000
1,0.000011,4,240,87272728,272727.2813
1,0.00001,4,240,96000000,300000
1,0.000009,4,240,106666664,333333.3125
1,0.001086,18,1080,7071823,15653.77539
1,0.207888,19,2680,92011.07813,86.585083
1,0.000325,27,1458,33156922,80000
1,0.00001,2,152,60800000,100000
1,0.00001,4,240,96000000,300000
1,0.001271,4,240,755310.75,2360.346191
1,0.000248,27,1458,43451612,104838.7109
1,0.00001,2,152,60800000,100000
1,0.00001,4,240,96000000,300000
1,0.000306,27,1458,35215688,84967.32031
1,0.000003,2,152,202666656,333333.3125
1,0.0001,6,1458,97200000,50000
1,0.00117,18,1080,6564103,14529.91504
1,0.231694,19,2680,82557.16406,77.688675
1,0.000631,4,240,1521394.625,4754.358398
1,0.000011,4,240,87272728,272727.2813
1,0.000099,6,1458,98181824,50505.05078
1,0.000306,20,1038,24392156,62091.50391
1,0.13515,6,1078,53214.94531,36.99593
1,0.000219,20,1038,34082192,86757.99219
1,0.195301,6,1060,36210.77344,25.601507
1,0.13073,6,1052,53667.86328,38.246769
1,0.00028,4,240,3428571.25,10714.28516
1,0.000066,9,828,89212120,121212.1172
1,0.00195,11,660,2215384.75,5128.205078
1,0.00001,2,208,83200000,100000
1,0.104525,42,5620,409777.5625,392.250671
1,0.000068,9,828,86588232,117647.0547
1,0.002318,11,660,1863675.625,4314.063965
1,0.000011,2,208,75636360,90909.09375
1,0.050205,42,5620,853142.125,816.651733
1,0.000066,9,828,89212120,121212.1172
1,0.00005,9,540,76800000,160000
1,0.00007,9,828,84114280,114285.7109
1,0.001661,11,660,2600843.25,6020.469727
1,0.00001,2,208,83200000,100000
1,0.078392,42,5620,546382.3125,523.012573
1,0.000064,9,828,92000000,125000
1,0.001835,11,660,2354223.5,5449.591309
1,0.000083,9,936,80192776,96385.54688
1,0.143267,80,11214,610384.8125,551.417969
1,0.000099,6,1458,98181824,50505.05078
1,0.000068,9,828,86588232,117647.0547
1,0.000054,9,540,71111112,148148.1406
1,0.000068,9,828,86588232,117647.0547
1,0.000668,11,660,6467066.5,14970.05957
1,0.000082,9,936,81170736,97560.97656
1,0.057912,80,11262,1516369.625,1364.138672
1,0.0001,6,1458,97200000,50000
1,0.0001,6,1458,97200000,50000
1,0.0001,6,1458,97200000,50000
1,0.04892,42,5620,875551.875,838.102966
1,0.0001,6,1458,97200000,50000
1,0.000101,6,1458,96237624,49504.95313
1,0.000067,9,828,87880592,119402.9844
1,0.001912,11,660,2259414.25,5230.125488
1,0.000083,9,936,80192776,96385.54688
1,0.087461,42,5620,489726.8438,468.780365
1,0.000108,6,1458,90000000,46296.29688
1,0.000099,6,1458,98181824,50505.05078
1,0.0001,6,1458,97200000,50000
1,0.000321,20,1038,23252336,59190.03125
1,0.000142,6,2010,94366192,35211.26563
1,0.000219,20,1038,34082192,86757.99219
1,0.000029,2,670,92413792,34482.75781
1,0.000239,20,1038,31230126,79497.90625
1,0.000086,4,1360,94883720,34883.72266
1,0.000119,20,1038,62722692,159663.875
1,0.00003,2,670,89333336,33333.33594
1,0.000409,20,1038,18249388,46454.76953
1,0.00003,2,670,89333336,33333.33594
1,0.000098,6,1458,99183680,51020.41016
1,0.0001,6,1458,97200000,50000
1,0.000067,9,828,87880592,119402.9844
1,0.002246,11,660,1923419.5,4452.359375
1,0.000081,9,936,82172840,98765.4375
1,0.079212,49,6054,586173.8125,605.96875
1,0.000402,20,1038,18567164,47263.67969
1,0.000027,2,670,99259256,37037.03516
1,0.000067,9,828,87880592,119402.9844
1,0.001888,11,660,2288135.5,5296.609863
1,0.000078,9,936,85333336,102564.1094
1,0.043043,63,7475,1343400.875,1440.420044
1,0.000098,6,1458,99183680,51020.41016
1,0.000254,20,1038,29385826,74803.14844
1,0.000029,2,670,92413792,34482.75781
1,0.000101,6,1458,96237624,49504.95313
1,0.000101,6,1494,98613864,49504.95313
1,0.000148,20,1038,50432432,128378.375
1,0.000029,2,670,92413792,34482.75781
1,0.000351,20,1038,21264958,54131.05469
1,0.000031,2,670,86451616,32258.06445
1,0.000067,9,828,87880592,119402.9844
1,0.001344,11,660,3214286,7440.476074
1,0.000081,9,936,82172840,98765.4375
1,0.075358,56,6474,661801,729.849487
1,0.000067,9,828,87880592,119402.9844
1,0.000051,9,540,75294120,156862.75
1,0.000067,9,828,87880592,119402.9844
1,0.002204,11,660,1960072.625,4537.205078
1,0.00001,2,208,83200000,100000
1,0.130875,66,10360,614143.25,496.657104
1,0.000099,6,1458,98181824,50505.05078
1,0.000298,20,1038,25046980,63758.39063
1,0.000024,2,670,111666664,41666.66406
1,0.000068,9,828,86588232,117647.0547
1,0.000645,11,660,6697674,15503.875
1,0.000082,9,936,81170736,97560.97656
1,0.037853,56,6498,1322378.75,1452.989258
1,0.000368,20,1038,20282608,51630.43359
1,0.00003,2,670,89333336,33333.33594
1,0.0001,6,1458,97200000,50000
1,0.099369,66,10408,812567.3125,654.127563
1,0.000099,6,1458,98181824,50505.05078
1,0.000105,6,1458,92571432,47619.04688
1,0.000099,6,1458,98181824,50505.05078
1,0.000101,6,1458,96237624,49504.95313
1,0.000423,18,1080,18156028,40189.125
1,0.202457,44,5144,194214.0781,212.390778
1,0.000361,4,240,2659279.75,8310.249023
1,0.001038,18,1080,7398844,16377.64941
1,0.26613,19,2680,71874.64844,67.636116
1,0.000279,11,660,15483871,35842.29297
1,0.000625,4,240,1536000,4800
1,0.313538,14,2366,51770.4375,41.462276
1,0.00138,11,660,3130435,7246.376465
1,0.194813,12,2246,76175.61719,56.464405
1,0.000003,4,240,320000000,999999.9375
1,0.000863,4,240,1112398.625,3476.245605
1,0.000351,11,660,12307692,28490.0293
1,0.288096,14,2432,57869.59766,45.123844
1,0.00035,11,660,12342858,28571.42969
1,0.275586,14,2432,60496.53906,47.172207
1,0.001399,4,240,686204.4375,2144.388916
1,0.00039,11,660,11076923,25641.02539
1,0.297783,14,2432,55987.08203,43.655952
1,0.001092,11,660,3956043.75,9157.508789
1,0.220402,12,2246,67331.50781,49.908802
1,0.000302,11,660,14304636,33112.58203
1,0.238504,14,2432,69902.39063,54.506424
1,0.000374,4,240,2566845,8021.390625
1,0.000352,4,240,2727272.75,8522.727539
1,0.000001,4,240,960000000,3000000
1,0.00001,4,240,96000000,300000
1,0.000331,4,240,2900302.25,9063.444336
1,0.001141,4,240,841367.25,2629.272705
1,0.000308,4,240,3116883.25,9740.259766
1,0.00001,4,240,96000000,300000
1,0.00001,4,240,96000000,300000
1,0.000334,11,660,12934133,29940.11914
1,0.000332,4,240,2891566.25,9036.144531
1,0.220079,14,2432,75754.61719,59.069695
1,0.00001,4,240,96000000,300000
1,0.000002,4,240,480000000,1500000
1,0.000002,4,240,480000000,1500000
1,0.000003,4,240,320000000,999999.9375
1,0.000583,11,660,7409949,17152.6582
1,0.227698,12,2246,65174.04688,48.309605
1,0.000407,27,1458,26476658,63882.0625
1,0.000011,2,152,55272728,90909.09375
1,0.000014,4,240,68571424,214285.7188
1,0.001447,4,240,663441.625,2073.255127
1,0.000232,27,1458,46448276,112068.9609
1,0.000003,2,152,202666656,333333.3125
1,0.00001,4,240,96000000,300000
1,0.000163,27,1458,66110428,159509.2031
1,0.00001,2,152,60800000,100000
1,0.000101,6,1458,96237624,49504.95313
1,0.000099,6,1458,98181824,50505.05078
1,0.0001,6,1458,97200000,50000
1,0.001054,11,660,4098671.75,9487.666016
1,0.256854,12,2246,57776.01172,42.825886
1,0.000894,4,240,1073825.5,3355.70459
1,0.000011,4,240,87272728,272727.2813
1,0.000378,27,1458,28507936,68783.07031
1,0.000008,2,158,79000000,125000
1,0.000107,6,1458,90841120,46728.97266
1,0.000333,27,1458,32360360,78078.07813
1,0.000008,2,152,76000000,125000
1,0.000001,2,152,608000000,1000000
1,0.000342,4,240,2807017.5,8771.929688
1,0.000101,6,1458,96237624,49504.95313
1,0.000239,20,1038,31230126,79497.90625
1,0.000028,2,670,95714288,35714.28516
1,0.000367,20,1038,20337874,51771.11719
1,0.00003,2,682,90933336,33333.33594
1,0.0001,6,1458,97200000,50000
1,0.000099,6,1458,98181824,50505.05078
1,0.000101,6,1494,98613864,49504.95313
1,0.000068,9,828,86588232,117647.0547
1,0.001954,11,660,2210849.5,5117.70752
1,0.000081,9,936,82172840,98765.4375
1,0.147446,80,11214,593084.875,535.789368
1,0.0001,6,1458,97200000,50000
1,0.000099,6,1458,98181824,50505.05078
1,0.000067,9,828,87880592,119402.9844
1,0.000491,11,660,8798370,20366.59766
1,0.000081,9,936,82172840,98765.4375
1,0.094892,105,15562,1286683.75,1095.982788
1,0.000101,6,1458,96237624,49504.95313
1,0.000101,6,1458,96237624,49504.95313
1,0.0001,6,1458,97200000,50000
1,0.000099,6,1458,98181824,50505.05078
1,0.000162,27,1458,66518520,160493.8281
1,0.133402,17,3134,176908.8906,119.938225
1,0.000331,27,1458,32555892,78549.85156
1,0.225203,6,1060,31402.7793,22.202192
1,0.125934,6,1052,55711.71875,39.703335
1,0.000143,4,240,6713287,20979.02148
1,0.0001,6,1458,97200000,50000
1,0.000099,6,1458,98181824,50505.05078
1,0.000099,6,1458,98181824,50505.05078
1,0.0001,6,1458,97200000,50000
1,0.0001,6,1458,97200000,50000
1,0.000065,9,828,90584616,123076.9219
1,0.001572,11,660,2748091.25,6361.323242
1,0.000009,2,208,92444440,111111.1094
1,0.078087,42,5620,548516.375,525.055359
1,0.000067,9,828,87880592,119402.9844
1,0.001545,11,660,2796116.75,6472.491699
1,0.000011,2,208,75636360,90909.09375
1,0.04505,42,5620,950765.8125,910.099915
1,0.000067,9,828,87880592,119402.9844
1,0.00005,9,540,76800000,160000
1,0.000068,9,828,86588232,117647.0547
1,0.001609,11,660,2684897.5,6215.040527
1,0.000083,9,936,80192776,96385.54688
1,0.082832,67,8751,819490.0625,796.793518
1,0.0001,6,1458,97200000,50000
1,0.000099,6,1458,98181824,50505.05078
1,0.000067,9,828,87880592,119402.9844
1,0.000053,9,540,72452832,150943.3906
1,0.001546,18,1080,4967658.5,10996.11914
1,0.053975,56,6474,923983.3125,1018.990234
1,0.000426,27,1458,25295774,61032.86328
1,0.004087,27,3753,7074137,6361.634277
1,0.000067,9,828,87880592,119402.9844
1,0.001654,11,660,2611850,6045.949219
1,0.000084,9,936,79238096,95238.09375
1,0.073717,42,5620,581032.875,556.181091
1,0.000314,11,660,13757962,31847.13281
1,0.014493,103,77064,41773548,7037.880371
1,0.000385,11,660,11220779,25974.02734
1,0.000316,4,240,3037974.75,9493.670898
1,0.124673,96,76630,4828182.5,761.993347
1,0.000405,11,660,10666668,24691.35742
1,0.000328,4,240,2926829.25,9146.341797
1,0.012071,94,76510,49787424,7704.415039
1,0.00028,4,240,3428571.25,10714.28516
1,0.000394,18,1080,19492386,43147.20703
1,0.196747,121,86794,3483255,609.920349
1,0.00001,4,240,96000000,300000
1,0.000346,4,240,2774566.5,8670.520508
1,0.000001,4,240,960000000,3000000
1,0.00001,4,240,96000000,300000
1,0.00001,4,240,96000000,300000
1,0.000341,18,1080,22521994,49853.37109
1,0.145621,139,117046,6364247,947.665527
1,0.000671,4,240,1430700.5,4470.938965
1,0.000384,4,240,2500000,7812.499512
1,0.278623,14,2432,59837.125,46.658028
1,0.00001,4,240,96000000,300000
1,0.000541,11,660,7985213,18484.28906
1,0.128311,129,79464,4864680.5,997.576233
1,0.000433,27,1458,24886836,60046.1875
1,0.003474,6,816,1565918.25,1439.263184
1,0.000752,11,660,5744681.5,13297.87207
1,0.269502,12,2246,55064.52344,40.816021
1,0.00085,11,660,5082353,11764.70606
1,0.000889,4,240,1079865,3374.578125
1,0.919486,100,78260,668590.9375,107.668854
1,0.001076,18,1080,7137546,15799.25586
1,4.030432,105,78576,153434.6563,25.803684
1,0.000479,4,240,2004175.375,6263.047852
1,0.000931,11,660,4640172,10741.13867
1,1.927702,100,78260,318908.2188,51.356487
1,0.038441,6,816,141515.5781,130.069458
1,0.00001,4,240,96000000,300000
1,0.000975,4,240,984615.4375,3076.923096
1,0.001166,4,240,823327.625,2572.898682
1,0.000374,4,240,2566845,8021.390625
1,0.26728,14,2432,62376.53125,48.63813
1,0.000394,11,660,10964467,25380.71094
1,0.247469,14,2432,67370.05469,52.531834
1,0.000812,18,1080,9458128,20935.96094
1,0.22082,101,76818,2736563.75,452.857544
1,0.000344,4,240,2790697.75,8720.930664
1,0.269378,14,2432,61890.72266,48.259323
1,0.00001,4,240,96000000,300000
1,0.000389,4,240,2467866.25,7712.08252
1,0.218671,14,2432,76242.39063,59.450043
1,0.000685,4,240,1401459.875,4379.562012
1,0.000363,4,240,2644628,8264.462891
1,0.000011,4,240,87272728,272727.2813
1,0.000708,4,240,1355932.25,4237.288086
1,0.00001,4,240,96000000,300000
1,0.000292,4,240,3287671,10273.97266
1,0.000011,4,240,87272728,272727.2813
1,0.000319,4,240,3009404.25,9404.388672
1,0.285687,14,2432,58357.57422,45.504345
1,0.00001,4,240,96000000,300000
1,0.00001,4,240,96000000,300000
1,0.000011,4,240,87272728,272727.2813
1,0.00001,4,240,96000000,300000
1,0.00001,4,240,96000000,300000
1,0.000003,4,240,320000000,999999.9375
1,0.001003,4,240,957128.6875,2991.0271
1,0.24506,12,2246,60556.59766,44.886967
1,0.000369,27,1458,29203254,70460.71094
1,0.003825,6,816,1422222.25,1307.189575
1,0.00001,4,240,96000000,300000
1,0.000244,27,1458,44163936,106557.3828
1,0.004207,6,816,1293082.875,1188.495361
1,0.000745,4,240,1288590.5,4026.845459
1,0.203384,94,76384,2948236,457.263123
1,0.000344,4,240,2790697.75,8720.930664
1,0.012636,96,76630,47637224,7518.20166
1,0.000247,27,1458,43627532,105263.1641
1,0.003773,6,816,1441823.5,1325.205322
1,0.000014,4,240,68571424,214285.7188
1,0.00001,4,240,96000000,300000
1,0.00001,4,240,96000000,300000
1,0.001089,4,240,881542.6875,2754.820801
1,0.186734,12,2246,79471.32813,58.907322
1,0.000011,4,240,87272728,272727.2813
1,0.000067,9,828,87880592,119402.9844
1,0.000011,2,208,75636360,90909.09375
1,0.001592,11,660,2713567.75,6281.406738
1,0.142,66,10360,566028.125,457.74646
1,0.000099,6,1458,98181824,50505.05078
1,0.000098,6,1458,99183680,51020.41016
1,0.000066,9,828,89212120,121212.1172
1,0.000744,11,660,5806451,13440.86035
1,0.000009,2,208,92444440,111111.1094
1,0.086873,66,10408,929448.6875,748.218628
1,0.000107,6,1458,90841120,46728.97266
1,0.000099,6,1458,98181824,50505.05078
1,0.000099,6,1458,98181824,50505.05078
1,0.000099,6,1458,98181824,50505.05078
1,0.000067,9,828,87880592,119402.9844
1,0.001732,11,660,2494226.25,5773.671875
1,0.000013,2,208,64000000,76923.07813
1,0.086588,42,5620,494664.375,473.506714
1,0.000063,9,828,93460320,126984.125
1,0.001931,11,660,2237182.75,5178.663574
1,0.00001,2,208,83200000,100000
1,0.050649,42,5620,845663.3125,809.492798
1,0.000101,6,1494,98613864,49504.95313
1,0.000099,6,1458,98181824,50505.05078
1,0.000099,6,1458,98181824,50505.05078
1,0.000096,6,1458,101250000,52083.33203
1,0.000101,6,1458,96237624,49504.95313
1,0.000068,9,828,86588232,117647.0547
1,0.003669,11,660,1177432.5,2725.53833
1,0.00001,2,208,83200000,100000
1,0.08738,42,5620,490180.8125,469.214935
1,0.000099,6,1458,98181824,50505.05078
1,0.000067,9,828,87880592,119402.9844
1,0.000054,9,540,71111112,148148.1406
1,0.000098,6,1458,99183680,51020.41016
1,0.0001,6,1458,97200000,50000
1,0.001843,18,1080,4167119,9224.091797
1,0.067917,63,7499,854101.375,912.879028
1,0.000067,9,828,87880592,119402.9844
1,0.002257,11,660,1914045.25,4430.660156
1,0.000081,9,936,82172840,98765.4375
1,0.143948,91,13491,733209.1875,625.225769
1,0.000101,6,1458,96237624,49504.95313
1,0.000068,9,828,86588232,117647.0547
1,0.001191,11,660,3627204.5,8396.305664
1,0.000011,2,208,75636360,90909.09375
1,0.09885,66,10408,816833.625,657.562012
1,0.000109,6,1458,89174312,45871.55859
1,0.0001,6,1458,97200000,50000
1,0.0001,6,1458,97200000,50000
1,0.000097,6,1458,100206192,51546.39453
1,0.000099,6,1458,98181824,50505.05078
1,0.000099,6,1458,98181824,50505.05078
1,0.000099,6,1458,98181824,50505.05078
1,0.000099,6,1458,98181824,50505.05078
1,0.000099,6,1458,98181824,50505.05078
1,0.542456,12,2952,39907.38672,20.278143
1,0.000278,27,1458,38762592,93525.17969
1,0.000066,9,711,76606064,121212.1172
1,0.000322,11,660,13416150,31055.90039
1,0.212134,30,4290,150056.0938,136.706039
1,0.000362,4,240,2651933.75,8287.292969
1,0.000402,27,1458,26805972,64676.61719
1,0.000009,2,152,67555552,111111.1094
1,0.000941,11,660,4590861,10626.99219
1,0.00059,4,240,1627118.625,5084.745605
1,0.206386,12,2246,71904.10156,53.298187
1,0.00086,11,660,5023256,11627.90723
1,0.001265,4,240,758893.3125,2371.541504
1,0.274439,12,2246,54073.94531,40.081764
1,0.001393,18,1080,5513280.5,12203.87598
1,0.2276,12,2246,65202.10938,48.330406
1,0.000001,2,152,608000000,1000000
1,0.00001,4,240,96000000,300000
1,0.000839,4,240,1144219.375,3575.685303
1,0.000423,18,1080,18156028,40189.125
1,0.00033,11,660,13090909,30303.0293
1,0.309525,28,3286,78055.07813,87.230431
1,0.000361,18,1080,21274238,47091.41016
1,0.291576,28,3286,82860.04688,92.600212
1,0.001014,11,660,4260355,9861.932617
1,0.200068,12,2246,74174.78125,54.981308
1,0.000247,11,660,17489880,40485.83203
1,0.000317,4,240,3028391.25,9463.722656
1,0.216539,14,2432,76993.0625,60.035378
1,0.000364,11,660,11868130,27472.52734
1,0.267156,14,2432,62405.48438,48.660706
1,0.000544,4,240,1764705.875,5514.705566
1,0.000352,4,240,2727272.75,8522.727539
1,0.000002,4,240,480000000,1500000
1,0.000009,4,240,106666664,333333.3125
1,0.000344,4,240,2790697.75,8720.930664
1,0.00001,4,240,96000000,300000
1,0.000203,4,240,4729064,14778.3252
1,0.000002,4,240,480000000,1500000
1,0.000396,18,1080,19393940,42929.29297
1,0.00036,11,660,12000001,27777.77734
1,0.263631,28,3286,91643.25,102.415878
1,0.000009,4,240,106666664,333333.3125
1,0.000011,4,240,87272728,272727.2813
1,0.00001,4,240,96000000,300000
1,0.000011,4,240,87272728,272727.2813
1,0.000777,18,1080,9884170,21879.02344
1,0.001092,11,660,3956043.75,9157.508789
1,0.217753,19,2680,87842.64844,82.662468
1,0.000255,27,1458,42258824,101960.7891
1,0.000003,2,152,202666656,333333.3125
1,0.00001,4,240,96000000,300000
1,0.000254,27,1458,42425196,102362.2031
1,0.000011,2,152,55272728,90909.09375
1,0.000161,27,1458,66931676,161490.6719
1,0.000002,2,152,304000000,500000
1,0.00001,4,240,96000000,300000
1,0.000099,6,1458,98181824,50505.05078
1,0.000574,18,1080,13379791,29616.72461
1,0.24855,19,2680,76958.35938,72.420036
1,0.000903,4,240,1063122.875,3322.259033
1,0.000002,4,240,480000000,1500000
1,0.000336,20,1038,22214286,56547.62109
1,0.139624,6,1078,51509.76953,35.810463
1,0.000104,6,1458,93461536,48076.92188
1,0.000305,20,1038,24472132,62295.08203
1,0.192257,6,1060,36784.09766,26.006855
1,0.131085,6,1052,53522.52734,38.143192
1,0.000264,4,240,3636363.5,11363.63672
1,0.000067,9,828,87880592,119402.9844
1,0.001693,18,1080,4536326,10041.34668
1,0.000081,9,936,82172840,98765.4375
1,0.163315,120,18400,886385.1875,728.653198
1,0.000101,6,1458,96237624,49504.95313
1,0.000068,9,828,86588232,117647.0547
1,0.001721,11,660,2510168.5,5810.575195
1,0.000081,9,936,82172840,98765.4375
1,0.092801,49,6054,500339.4375,517.23584
1,0.000067,9,828,87880592,119402.9844
1,0.001676,11,660,2577565.75,5966.587402
1,0.000081,9,936,82172840,98765.4375
1,0.044937,63,7475,1286779.25,1379.709351
1,0.000066,9,828,89212120,121212.1172
1,0.001195,11,660,3615062.75,8368.201172
1,0.00008,9,936,83200000,100000
1,0.052928,116,18133,2693621.5,2172.762939
1,0.000067,9,828,87880592,119402.9844
1,0.000051,9,540,75294120,156862.75
1,0.000102,6,1458,95294120,49019.60938
1,0.000099,6,1458,98181824,50505.05078
1,0.0001,6,1458,97200000,50000
1,0.000101,6,1458,96237624,49504.95313
1,0.0001,6,1458,97200000,50000
1,0.000101,6,1458,96237624,49504.95313
1,0.0001,6,1458,97200000,50000
1,0.000067,9,828,87880592,119402.9844
1,0.00185,11,660,2335135.25,5405.405273
1,0.00001,2,208,83200000,100000
1,0.085031,42,5620,503722.1563,482.177063
1,0.000098,6,1458,99183680,51020.41016
1,0.000101,6,1458,96237624,49504.95313
1,0.000067,9,828,87880592,119402.9844
1,0.000053,9,540,72452832,150943.3906
1,0.000101,6,1458,96237624,49504.95313
1,0.050575,42,5620,846900.625,810.677246
1,0.00241,11,660,1792531.125,4149.377441
1,0.000067,9,828,87880592,119402.9844
1,0.001627,11,660,2655193.5,6146.28125
1,0.00001,2,208,83200000,100000
1,0.073227,42,5620,584920.8125,559.902771
1,0.000099,6,1458,98181824,50505.05078
1,0.000099,6,1458,98181824,50505.05078
1,0.000105,6,1494,94857144,47619.04688
1,0.000069,9,828,85333328,115942.0234
1,0.002471,11,660,1748280.125,4046.94458
1,0.000013,2,208,64000000,76923.07813
1,0.078803,42,5620,543532.5625,520.284729
1,0.000068,9,828,86588232,117647.0547
1,0.001725,11,660,2504347.75,5797.101562
1,0.00001,2,208,83200000,100000
1,0.043288,42,5620,989465.875,947.144714
1,0.000067,9,828,87880592,119402.9844
1,0.001866,11,660,2315112.5,5359.056641
1,0.000009,2,208,92444440,111111.1094
1,0.157835,66,10360,509240.6563,411.822449
1,0.0001,6,1458,97200000,50000
1,0.000069,9,828,85333328,115942.0234
1,0.001557,11,660,2774566.25,6422.607422
1,0.000083,9,936,80192776,96385.54688
1,0.069564,81,10774,1207866.125,1150.020142
1,0.000068,9,828,86588232,117647.0547
1,0.000816,11,660,5294117.5,12254.90234
1,0.000081,9,936,82172840,98765.4375
1,0.055918,73,10842,1508637.625,1287.599731
1,0.000101,6,1458,96237624,49504.95313
1,0.000101,6,1458,96237624,49504.95313
1,0.000101,6,1458,96237624,49504.95313
1,0.000099,6,1458,98181824,50505.05078
1,0.000099,6,1458,98181824,50505.05078
1,0.000403,18,1080,19057072,42183.62109
1,0.000373,18,1080,20589812,45576.41016
1,0.260947,44,5144,150681.9531,164.784424
1,0.000708,18,1080,10847458,24011.30078
1,0.294971,19,2680,64847.05469,61.022949
1,0.001524,11,660,2834645.5,6561.680176
1,0.253276,12,2246,58592.21094,43.430882
1,0.000867,11,660,4982699,11534.02539
1,0.001432,4,240,670391.0625,2094.972168
1,0.218383,12,2246,67954.00781,50.37022
1,0.00001,4,240,96000000,300000
1,0.001084,4,240,885608.875,2767.527588
1,0.001297,4,240,740169.625,2313.030029
1,0.000386,11,660,11191711,25906.73633
1,0.276868,14,2432,60216.42578,46.953785
1,0.000353,11,660,12237961,28328.61133
1,0.237383,14,2432,70232.49219,54.763821
1,0.000725,11,660,5958621.5,13793.10352
1,0.181253,12,2246,81874.50781,60.688652
1,0.000334,11,660,12934133,29940.11914
1,0.000293,4,240,3276450.5,10238.9082
1,0.286363,14,2432,58219.8125,45.396927
1,0.000375,11,660,11520000,26666.66602
1,0.000373,4,240,2573726.5,8042.895508
1,0.213649,14,2432,78034.53125,60.847462
1,0.000337,4,240,2848664.75,8902.077148
1,0.000335,4,240,2865671.75,8955.224609
1,0.001148,4,240,836236.9375,2613.240479
1,0.000002,4,240,480000000,1500000
1,0.00001,4,240,96000000,300000
1,0.00001,4,240,96000000,300000
1,0.000067,9,828,87880592,119402.9844
1,0.000054,9,540,71111112,148148.1406
1,0.00001,4,240,96000000,300000
1,0.000354,11,660,12203390,28248.58789
1,0.000282,4,240,3404255.5,10638.29785
1,0.302567,14,2432,55101.84375,42.965691
1,0.000001,4,240,960000000,3000000
1,0.00001,4,240,96000000,300000
1,0.000001,4,240,960000000,3000000
1,0.00001,4,240,96000000,300000
1,0.001135,11,660,3806167.25,8810.572266
1,0.223649,12,2246,66353.97656,49.184216
1,0.000248,27,1458,43451612,104838.7109
1,0.000061,9,684,79737704,131147.5469
1,0.000011,4,240,87272728,272727.2813
1,0.000366,27,1458,29442624,71038.25
1,0.00001,2,152,60800000,100000
1,0.000854,4,240,1124121.75,3512.880615
1,0.000322,27,1458,33465838,80745.33594
1,0.000011,2,152,55272728,90909.09375
1,0.000011,4,240,87272728,272727.2813
1,0.000097,6,1458,100206192,51546.39453
1,0.000099,6,1458,98181824,50505.05078
1,0.000095,6,1458,102315784,52631.57813
1,0.00113,11,660,3823008.5,8849.557617
1,0.267897,12,2246,55394.42188,41.060555
1,0.000805,4,240,1192546.5,3726.708008
1,0.000013,4,240,73846152,230769.2344
1,0.000181,27,1458,59535912,143646.4063
1,0.000004,2,158,158000000,250000
1,0.000107,6,1458,90841120,46728.97266
1,0.000254,27,1458,42425196,102362.2031
1,0.000008,2,152,76000000,125000
1,0.000002,2,152,304000000,500000
1,0.069657,42,5644,617540.25,588.59845
1,0.001166,11,660,3704974.5,8576.329102
1,0.000133,4,240,7218045.5,22556.39258
1,0.000098,6,1458,99183680,51020.41016
1,0.000099,6,1458,98181824,50505.05078
1,0.000098,6,1458,99183680,51020.41016
1,0.000108,6,1494,92222224,46296.29688
1,0.000067,9,828,87880592,119402.9844
1,0.001654,11,660,2611850,6045.949219
1,0.000009,2,208,92444440,111111.1094
1,0.136867,66,10360,587256.25,474.913605
1,0.000099,6,1458,98181824,50505.05078
1,0.000066,9,828,89212120,121212.1172
1,0.000944,11,660,4576271,10593.21973
1,0.000082,9,936,81170736,97560.97656
1,0.086923,87,12263,1102216.875,989.381348
1,0.000096,6,1458,101250000,52083.33203
1,0.0001,6,1458,97200000,50000
1,0.0001,6,1458,97200000,50000
1,0.000103,6,1458,94368936,48543.69141
1,0.000101,6,1458,96237624,49504.95313
1,0.000211,27,1458,51071088,123222.7422
1,0.142525,17,3134,165584.9844,112.261002
1,0.00031,27,1458,34761288,83870.96875
1,0.193324,6,1060,36581.07813,25.863317
1,0.13203,6,1052,53139.44141,37.870182
1,0.000234,4,240,4102564,12820.5127
1,0.000098,6,1458,99183680,51020.41016
1,0.000098,6,1458,99183680,51020.41016
1,0.000099,6,1458,98181824,50505.05078
1,0.000099,6,1458,98181824,50505.05078
1,0.000099,6,1458,98181824,50505.05078
1,0.000099,6,1458,98181824,50505.05078
1,0.000098,6,1458,99183680,51020.41016
1,0.000066,9,828,89212120,121212.1172
1,0.001387,11,660,3114636,7209.805664
1,0.000081,9,936,82172840,98765.4375
1,0.075194,74,9976,1032316.375,970.822144
1,0.000067,9,828,87880592,119402.9844
1,0.001695,11,660,2548672.5,5899.705078
1,0.00001,2,208,83200000,100000
1,0.044418,42,5620,964293.75,923.049194
1,0.000067,9,828,87880592,119402.9844
1,0.00005,9,540,76800000,160000
1,0.000184,27,1458,58565216,141304.3438
1,0.004168,22,3033,5558541,5038.387695
1,0.00033,11,660,13090909,30303.0293
1,0.000291,4,240,3298969,10309.27832
1,0.185617,96,76630,3242935.75,511.80658
1,0.000436,18,1080,17614678,38990.82422
1,0.000559,4,240,1717352.375,5366.726074
1,0.012685,96,76630,47453212,7489.160645
1,0.000372,11,660,11612902,26881.7207
1,0.000288,4,240,3333333.25,10416.66602
1,0.013274,96,76630,45347596,7156.848145
1,0.000407,18,1080,18869778,41769.03906
1,0.000329,11,660,13130698,30395.13672
1,0.20772,143,117286,4470903,683.612549
1,0.00001,4,240,96000000,300000
1,0.00001,4,240,96000000,300000
1,0.000009,4,240,106666664,333333.3125
1,0.000002,4,240,480000000,1500000
1,0.000358,11,660,12067039,27932.96094
1,0.166363,96,76630,3618256.5,571.040405
1,0.000344,4,240,2790697.75,8720.930664
1,0.00001,4,240,96000000,300000
1,0.000346,4,240,2774566.5,8670.520508
1,0.247394,14,2432,67390.47656,52.54776
1,0.001291,11,660,3346243,7745.933105
1,0.144976,171,81984,4444873.5,1172.607788
1,0.000164,27,1458,65707320,158536.5938
1,0.003625,6,816,1500689.75,1379.310425
1,0.001087,11,660,3974241,9199.631836
1,1.270583,100,78260,483840.875,77.916985
1,0.000605,4,240,1586776.875,4958.677734
1,0.00136,18,1080,5647059,12500
1,0.23726,19,2680,80620.41406,75.866142
1,0.001265,11,660,3415019.75,7905.138672
1,3.404728,100,78262,180664.0625,29.077213
1,0.001008,18,1080,7619047.5,16865.08008
1,2.229489,139,116914,415018.8438,61.897591
1,0.036677,6,816,148321.8438,136.325226
1,0.000652,4,240,1472392.625,4601.227051