Class,Host_Packets_1,Host_Packets_2,HH_Packets_1,HH_Packets_2,HH_Jitter_1,HH_Jitter_2
1,1.027124397,1.486040007,1.027124397,1.486040007,1.027124397,1.486040007
1,1.029967589,1.732885707,1.029967589,1.732885707,1.029967589,1.732885707
1,1.338151942,2.386843915,1,1,1,1
1,2.311785263,3.377362914,1.980296199,1.996027808,1.980296199,1.996027808
1,2.820471989,4.219771354,1,1,1,1
1,4.011048136,21.65961611,1,1,1,1
1,5.001758948,22.64957451,1,1,1,1
1,5.986370962,23.63562097,1,1,1,1
1,6.945494668,24.60325458,1,1,1,1
1,7.930468939,25.59260013,1,1,1,1
1,8.912730411,26.58114099,1,1,1,1
1,9.891751438,27.56861574,1,1,1,1
1,10.84486521,28.54243137,1,1,1,1
1,11.71406711,29.4732477,1,1,1,1
1,12.68904389,30.46064496,1,1,1,1
1,13.66053605,31.44694577,1,1,1,1
1,14.63178286,32.43369647,1,1,1,1
1,15.60002021,33.41960283,1,1,1,1
1,16.35196875,34.31264123,1,1,1,1
1,17.07109846,35.1939484,1,1,1,1
1,18.00792302,36.16786113,1,1,1,1
1,19.00729808,37.1676101,1,1,1,1
1,20.00709391,38.16753025,1,1,1,1
1,20.94768442,39.14483618,1,1,1,1
1,21.9033857,40.128266,1,1,1,1
1,22.83433972,41.1029348,1,1,1,1
1,23.52237722,41.9900064,1,1,1,1
1,24.40974146,42.94971573,1,1,1,1
1,25.40923723,43.94953829,1,1,1,1
1,26.36164296,44.93306148,1,1,1,1
1,27.30304786,45.91306879,1,1,1,1
1,28.24643493,46.89401281,1,1,1,1
1,29.01508542,47.81694379,1,1,1,1
1,29.09011256,48.50810854,1,1,1,1
1,30.08992027,49.50804441,1,1,1,1
1,31.08867713,50.50763533,1,1,1,1
1,32.08770099,51.50731815,1,1,1,1
1,33.02436876,52.48696984,1,1,1,1
1,33.72439916,53.39127073,1,1,1,1
1,34.24453229,54.23845684,1,1,1,1
1,35.15032287,55.20858109,1,1,1,1
1,36.05420085,56.17835335,1,1,1,1
1,36.96434288,57.1503227,1,1,1,1
1,37.86469188,58.11947547,1,1,1,1
1,38.76339376,59.08834513,1,1,1,1
1,39.55919752,60.0259609,1,1,1,1
1,40.3737067,60.96956336,1,1,1,1
1,41.12805549,61.89518906,1,1,1,1
1,42.01233336,62.86031885,1,1,1,1
1,42.85827533,63.81414969,1,1,1,1
1,42.59308626,64.43285782,1,1,1,1
1,43.50002825,65.4046784,1,1,1,1
1,44.28919077,66.34115399,1,1,1,1
1,45.28750739,67.34064967,1,1,1,1
1,46.19184853,68.31217745,1,1,1,1
1,47.09591726,69.28377969,1,1,1,1
1,47.99678808,70.2545889,1,1,1,1
1,48.89655423,71.2252212,1,1,1,1
1,49.11270284,71.99538304,1,1,1,1
1,50.11120134,72.99494282,1,1,1,1
1,51.10946229,73.99443617,1,1,1,1
1,52.00875497,74.96525307,1,1,1,1
1,52.88920826,75.93075849,1,1,1,1
1,53.77164927,76.89697356,1,1,1,1
1,54.6542125,77.86335573,1,1,1,1
1,54.66167457,78.57847406,1,1,1,1
1,55.65828718,79.57750013,1,1,1,1
1,55.70344544,80.30256976,1,1,1,1
1,56.00247544,81.09943982,1,1,1,1
1,56.74103447,82.02357738,1,1,1,1
1,57.61669156,82.98759636,1,1,1,1
1,58.47689264,83.94728564,1,1,1,1
1,59.31577715,84.90097627,1,1,1,1
1,60.18026592,85.86214828,1,1,1,1
1,61.03196501,86.81978886,1,1,1,1
1,61.79761189,87.75301136,1,1,1,1
1,62.7946503,88.75217025,1,1,1,1
1,63.6580769,89.71353082,1,1,1,1
1,64.51946816,90.6744284,1,1,1,1
1,65.36983476,91.63233095,1,1,1,1
1,66.19112837,92.58217565,1,1,1,1
1,66.88577033,93.49659613,1,1,1,1
1,67.04981269,94.26170942,1,1,1,1
1,67.7761832,95.18464734,1,1,1,1
1,68.56041113,96.1239641,1,1,1,1
1,68.51023652,96.82766717,1,1,1,1
1,68.29125199,97.48062253,1,1,1,1
1,68.6920271,98.30894924,1,1,1,1
1,69.45461419,99.24090016,1,1,1,1
1,70.4529499,100.2404245,1,1,1,1
1,71.45149454,101.2400104,1,1,1,1
1,72.44871971,102.2392241,1,1,1,1
1,72.64818319,103.0122762,1,1,1,1
1,73.47041538,103.9618133,1,1,1,1
1,74.3231634,104.920107,1,1,1,1
1,75.16053593,105.8741514,1,1,1,1
1,75.96540784,106.8191211,1,1,1,1
1,76.80206811,107.7731454,1,1,1,1
1,77.63642281,108.7266166,1,1,1,1
1,78.25611004,109.6198848,1,1,1,1
1,78.481303,110.4019526,1,1,1,1
1,78.79375778,111.2078331,1,1,1,1
1,79.41075595,112.0995102,1,1,1,1
1,80.14505979,113.024396,1,1,1,1
1,79.76844474,113.6334268,1,1,1,1
1,80.76541283,114.632563,1,1,1,1
1,81.76541283,115.632563,1,1,1,1
1,81.00782164,116.131116,1,1,1,1
1,80.41992791,116.6722295,1,1,1,1
1,81.23368338,117.6181391,1,1,1,1
1,82.05312196,118.5658057,1,1,1,1
1,82.87757203,119.5150287,1,1,1,1
1,83.68508925,120.4594624,1,1,1,1
1,84.47072689,121.3976868,1,1,1,1
1,85.28707939,122.3448548,1,1,1,1
1,83.46559384,122.5244375,1,1,1,1
1,84.2062668,123.4482062,1,1,1,1
1,85.03367854,124.397561,1,1,1,1
1,85.83555732,125.3395398,1,1,1,1
1,86.64950872,126.2851579,1,1,1,1
1,87.36737124,127.2028118,1,1,1,1
1,87.59568156,127.9773048,1,1,1,1
1,88.2744707,128.883309,1,1,1,1
1,89.26404078,129.8802632,1,1,1,1
1,88.82515542,130.4588179,1,1,1,1
1,89.82273339,131.4581064,1,1,1,1
1,90.82020994,132.4573678,1,1,1,1
1,91.81960959,133.4571927,1,1,1,1
1,92.81703004,134.4564428,1,1,1,1
1,77.84009047,130.4713443,1,1,1,1
1,78.59958834,131.3906211,1,1,1,1
1,79.35699857,132.309416,1,1,1,1
1,80.09448857,133.221765,1,1,1,1
1,80.8392361,134.1367439,1,1,1,1
1,81.48418979,135.0187105,1,1,1,1
1,80.73982519,135.435616,1,1,1,1
1,81.73729006,136.4347655,1,1,1,1
1,76.79193157,135.3895801,1,1,1,1
1,77.78609413,136.3875216,1,1,1,1
1,78.78557994,137.3873413,1,1,1,1
1,79.78252029,138.3862742,1,1,1,1
1,80.78252029,139.3862742,1,1,1,1
1,81.78085155,140.3856983,1,1,1,1
1,82.77774315,141.3846311,1,1,1,1
1,83.77514403,142.3837433,1,1,1,1
1,84.7728597,143.3829668,1,1,1,1
1,85.7707583,144.3822559,1,1,1,1
1,86.76962436,145.3818742,1,1,1,1
1,87.76539432,146.3804566,1,1,1,1
1,88.76329126,147.3797551,1,1,1,1
1,89.7605042,148.3788296,1,1,1,1
1,90.75894667,149.3783147,1,1,1,1
1,90.66468869,150.0163614,1,1,1,1
1,91.66244124,151.0156177,1,1,1,1
1,92.6612294,152.0152184,1,1,1,1
1,93.6580137,153.0141632,1,1,1,1
1,94.65607899,154.0135311,1,1,1,1
1,90.25047644,153.2128384,1,1,1,1
1,91.24794097,154.2119775,1,1,1,1
1,86.87318772,153.3508946,1,1,1,1
1,87.56478262,154.2418586,1,1,1,1
1,88.56210555,155.2409155,1,1,1,1
1,89.35788066,156.169252,1,1,1,1
1,90.07560922,157.0704629,1,1,1,1
1,90.86885953,157.9982922,1,1,1,1
1,91.66470903,158.9272349,1,1,1,1
1,92.55547822,159.8893402,1,1,1,1
1,93.55387219,160.8887853,1,1,1,1
1,94.34399792,161.8165344,1,1,1,1
1,95.33908682,162.8148497,1,1,1,1
1,96.33845659,163.8146345,1,1,1,1
1,97.33646651,164.8139577,1,1,1,1
1,97.91232752,165.6700729,1,1,1,1
1,98.82951631,166.6420397,1,1,1,1
1,99.54565786,167.5462035,1,1,1,1
1,100.3257889,168.4721254,1,1,1,1
1,101.1802414,169.4232149,1,1,1,1
1,102.1770645,170.4221509,1,1,1,1
1,102.8500065,171.3129103,1,1,1,1
1,103.8468622,172.3118628,1,1,1,1
1,104.8432583,173.3106668,1,1,1,1
1,105.8421321,174.3102945,1,1,1,1
1,106.3531565,175.1489383,1,1,1,1
1,106.9815511,176.0263703,1,1,1,1
1,107.5763067,176.8928108,1,1,1,1
1,107.6261175,177.5792126,1,1,1,1
1,108.6227382,178.5780975,1,1,1,1
1,103.7836567,177.6155164,1,1,1,1
1,104.3579818,178.4695766,1,1,1,1
1,105.3518596,179.4674825,1,1,1,1
1,106.3510761,180.4672156,1,1,1,1
1,107.3488792,181.46647,1,1,1,1
1,108.3425815,182.4643408,1,1,1,1
1,109.3410597,183.4638282,1,1,1,1
1,110.0137677,184.3538635,1,1,1,1
1,110.6240274,185.2230578,1,1,1,1
1,111.3200565,186.1211552,1,1,1,1
1,109.169449,186.0554923,1,1,1,1
1,109.9279637,186.9731076,1,1,1,1
2,1.106001756,1.63835551,1,1,1,1
2,2.105990789,2.638352261,1,1,1,1
2,3.105975127,3.638348337,1,1,1,1
2,4.105964862,4.638345932,1,1,1,1
2,5.105951291,5.638342866,1,1,1,1
2,6.10591332,6.63833448,1,1,1,1
2,7.105872957,7.638325703,1,1,1,1
2,8.105825985,8.638315605,1,1,1,1
2,9.105799194,9.638309895,1,1,1,1
2,10.0354065,10.62336174,1,1,1,1
2,11.03537333,11.62335472,1,1,1,1
2,73.01670141,229.5254254,1,1,1,1
2,73.89203848,230.4469972,1,1,1,1
2,74.35014235,231.1079991,1,1,1,1
2,75.34958943,232.1076554,1,1,1,1
2,76.34909135,233.1073485,1,1,1,1
2,77.348839,234.1071944,1,1,1,1
2,78.34858335,235.1070397,1,1,1,1
2,79.34825965,236.1068454,1,1,1,1
2,80.34799739,237.1066893,1,1,1,1
2,81.04562467,237.9279599,1,1,1,1
2,82.04502196,238.927606,1,1,1,1
2,83.04475079,239.9274481,1,1,1,1
2,83.66198383,240.7058661,1,1,1,1
2,84.66143079,241.7055479,1,1,1,1
2,85.6608012,242.7051884,1,1,1,1
2,86.20927907,243.4487851,1,1,1,1
2,87.2087092,244.4484633,1,1,1,1
2,88.20806066,245.4480997,1,1,1,1
2,89.20776912,246.4479375,1,1,1,1
2,90.05332888,247.3625461,1,1,1,1
2,91.0527336,248.3622191,1,1,1,1
2,92.05205647,249.3618497,1,1,1,1
2,92.81277199,250.2320741,1,1,1,1
2,93.81215846,251.2317432,1,1,1,1
2,94.8118484,252.2315772,1,1,1,1
2,95.61517762,253.1268481,1,1,1,1
2,96.61454557,254.1265134,1,1,1,1
2,97.61422624,255.1263454,1,1,1,1
2,98.49419999,256.063574,1,1,1,1
2,99.49346753,257.0631931,1,1,1,1
2,100.2313957,257.9276262,1,1,1,1
2,101.0554732,258.8370216,1,1,1,1
2,101.7275108,259.6687987,1,1,1,1
2,102.7267543,260.6684124,1,1,1,1
2,103.4079214,261.506404,1,1,1,1
2,104.4072379,262.5060582,1,1,1,1
2,105.4068065,263.5058413,1,1,1,1
2,106.4061098,264.5054929,1,1,1,1
2,107.0457099,265.3260725,1,1,1,1
2,108.0449139,266.3256779,1,1,1,1
2,109.0445568,267.3255019,1,1,1,1
2,110.0441964,268.3253251,1,1,1,1
2,106.7441382,267.1947562,1,1,1,1
2,107.7434326,268.194403,1,1,1,1
2,108.7419191,269.1936495,1,1,1,1
2,109.7415597,270.1934716,1,1,1,1
2,110.741197,271.193293,1,1,1,1
2,111.7403735,272.1928896,1,1,1,1
2,112.7400041,273.1927097,1,1,1,1
2,113.7396315,274.1925291,1,1,1,1
2,114.7392556,275.1923478,1,1,1,1
2,115.7388763,276.1921659,1,1,1,1
2,112.8633823,275.3172339,1,1,1,1
2,113.8630093,276.3170519,1,1,1,1
2,114.8630093,277.3170519,1,1,1,1
2,115.8626297,278.3168686,1,1,1,1
2,116.8626297,279.3168686,1,1,1,1
2,117.8626297,280.3168686,1,1,1,1
2,118.8626297,281.3168686,1,1,1,1
2,119.8626297,282.3168686,1,1,1,1
2,120.8622335,283.3166819,1,1,1,1
2,121.8622335,284.3166819,1,1,1,1
2,122.8478351,285.309963,1,1,1,1
2,123.8478351,286.309963,1,1,1,1
2,124.8478351,287.309963,1,1,1,1
2,125.8478351,288.309963,1,1,1,1
2,126.8474191,289.3097724,1,1,1,1
2,127.8474191,290.3097724,1,1,1,1
2,128.8474191,291.3097724,1,1,1,1
2,129.8474191,292.3097724,1,1,1,1
2,130.8469899,293.3095792,1,1,1,1
2,131.8469899,294.3095792,1,1,1,1
2,132.8387104,295.3058828,1,1,1,1
2,133.8387104,296.3058828,1,1,1,1
2,134.8382681,297.3056869,1,1,1,1
2,135.8382681,298.3056869,1,1,1,1
2,136.8382681,299.3056869,1,1,1,1
2,137.8382681,300.3056869,1,1,1,1
2,138.8382681,301.3056869,1,1,1,1
2,139.8378092,302.3054878,1,1,1,1
2,140.8378092,303.3054878,1,1,1,1
2,141.8378092,304.3054878,1,1,1,1
2,142.829371,305.301867,1,1,1,1
2,143.829371,306.301867,1,1,1,1
2,144.829371,307.301867,1,1,1,1
2,145.8288923,308.3016638,1,1,1,1
2,146.8288923,309.3016638,1,1,1,1
2,147.4289472,310.1329794,1,1,1,1
2,6.34913743,160.7673934,1,1,1,1
2,7.34909546,161.7671809,1,1,1,1
2,8.349040808,162.7669403,1,1,1,1
2,9.349013213,163.7668327,1,1,1,1
2,10.34898231,164.7667244,1,1,1,1
2,11.34894811,165.7666155,1,1,1,1
2,12.3489106,166.7665059,1,1,1,1
2,13.34885958,167.7663681,1,1,1,1
2,14.28812301,168.613424,1,1,1,1
2,15.28796953,169.6130617,1,1,1,1
2,16.287919,170.6129496,1,1,1,1
2,17.28786517,171.6128368,1,1,1,1
2,18.27888231,172.594999,1,1,1,1
2,19.12614529,173.3055918,1,1,1,1
2,20.12601886,174.3053626,1,1,1,1
2,21.12586919,175.3051034,1,1,1,1
2,22.12579936,176.3049875,1,1,1,1
2,23.12572623,177.304871,1,1,1,1
2,24.1256498,178.3047538,1,1,1,1
2,25.12557006,179.3046359,1,1,1,1
2,26.12546625,180.3044877,1,1,1,1
2,26.93682939,181.0433576,1,1,1,1
2,27.93665133,182.0431182,1,1,1,1
2,28.93644357,183.0428475,1,1,1,1
2,29.93634793,184.0427265,1,1,1,1
2,30.93624899,185.0426048,1,1,1,1
2,31.93614674,186.0424825,1,1,1,1
2,32.93604118,187.0423595,1,1,1,1
2,33.93590511,188.042205,1,1,1,1
2,34.77787007,188.8667403,1,1,1,1
2,35.77761144,189.8664594,1,1,1,1
2,36.77749319,190.8663338,1,1,1,1
2,37.38875854,191.4611292,1,1,1,1
2,38.38851139,192.460876,1,1,1,1
2,39.38838451,193.4607488,1,1,1,1
2,40.38809159,194.4604611,1,1,1,1
2,41.3879581,195.4603325,1,1,1,1
2,42.3878213,196.4602033,1,1,1,1
2,43.38768121,197.4600735,1,1,1,1
2,44.3875378,198.4599429,1,1,1,1
2,45.38735442,199.4597789,1,1,1,1
2,46.36189676,200.4373986,1,1,1,1
2,47.36159029,201.4371336,1,1,1,1
2,48.36139462,202.4369672,1,1,1,1
2,49.36123478,203.4368334,1,1,1,1
2,50.36107163,204.4366989,1,1,1,1
2,51.23958318,205.3379691,1,1,1,1
2,52.23848238,206.3370868,1,1,1,1
2,53.02207373,207.165844,1,1,1,1
2,54.02167943,208.1655359,1,1,1,1
2,55.02150088,209.1653983,1,1,1,1
2,55.73564075,209.9476046,1,1,1,1
2,56.73527232,210.947327,1,1,1,1
2,57.73503792,211.9471527,1,1,1,1
2,58.73465627,212.9468725,1,1,1,1
2,59.24368123,213.5896628,1,1,1,1
2,60.2430938,214.5892392,1,1,1,1
2,61.24289468,215.5890973,1,1,1,1
2,62.24264166,216.5889192,1,1,1,1
2,63.24223021,217.5886328,1,1,1,1
2,64.24223021,218.5886328,1,1,1,1
2,65.24180555,219.5883439,1,1,1,1
2,66.241536,220.5881624,1,1,1,1
2,67.00986523,221.4336507,1,1,1,1
2,67.70425755,222.2313055,1,1,1,1
2,68.70375406,223.230975,1,1,1,1
2,69.70352698,224.2308274,1,1,1,1
2,70.70306621,225.230531,1,1,1,1
2,71.35474088,226.0081684,1,1,1,1
2,72.35421024,227.0078323,1,1,1,1
2,73.35397109,228.0076822,1,1,1,1
2,74.3534862,229.0073808,1,1,1,1
2,75.22347437,229.9272379,1,1,1,1
2,75.84873493,230.6976952,1,1,1,1
2,76.84817088,231.697352,1,1,1,1
2,77.84766288,232.6970457,1,1,1,1
2,78.84740558,233.6968919,1,1,1,1
2,79.19347264,234.3079593,1,1,1,1
2,80.19288371,235.3076108,1,1,1,1
2,81.1923536,236.3072997,1,1,1,1
2,82.1923536,237.3072997,1,1,1,1
2,83.19181029,238.306986,1,1,1,1
2,84.19153532,239.3068285,1,1,1,1
2,85.19118749,240.3066307,1,1,1,1
2,86.19090591,241.3064719,1,1,1,1
2,86.93830624,242.1648664,1,1,1,1
2,87.29075092,242.8030364,1,1,1,1
2,88.2901739,243.8027154,1,1,1,1
2,89.28959027,244.802393,1,1,1,1
2,90.28959027,245.802393,1,1,1,1
2,91.28891882,246.8020275,1,1,1,1
2,92.28763649,247.8013341,1,1,1,1
2,93.28733146,248.8011703,1,1,1,1
2,94.2867148,249.8008414,1,1,1,1
2,95.28640316,250.8006762,1,1,1,1
2,96.15437779,251.7311376,1,1,1,1
2,96.65418255,252.4686898,1,1,1,1
2,97.65346377,253.4683143,1,1,1,1
2,98.65281824,254.4679792,1,1,1,1
2,99.65249218,255.467811,1,1,1,1
3,65.71017245,208.8916995,1.000029454,1.124116009,1.000029454,1.124116009
3,66.43157448,209.7142665,1.000029423,1.124090536,1.000029423,1.124090536
3,67.42948861,210.7129495,1.000029856,1.124453529,1.000029856,1.124453529
3,68.42714855,211.711487,1.000029928,1.124513147,1.000029928,1.124513147
3,69.42618736,212.7108922,1.000029991,1.124565279,1.000029991,1.124565279
3,69.04220216,212.8559854,1.000000001,1.01732887,1.000000001,1.01732887
3,69.87655892,213.7537521,1.000029763,1.12437546,1.000029763,1.12437546
3,70.87442262,214.7524451,1.000030841,1.125263949,1.000030841,1.125263949
3,69.57936188,214.343246,1.000029847,1.124445837,1.000029847,1.124445837
3,69.64879012,214.7668179,1.000029448,1.124111353,1.000029448,1.124111353
3,70.64758157,215.7660726,1.000029448,1.12411125,1.000029448,1.12411125
3,71.64542169,216.7647533,1.000029548,1.124195782,1.000029548,1.124195782
3,72.64542169,217.7647533,1.000029618,1.124254332,1.000029618,1.124254332
3,73.64266052,218.7630978,1.000029682,1.124307753,1.000029682,1.124307753
3,74.64107842,219.7621579,1.000029754,1.124367897,1.000029754,1.124367897
3,75.63799471,220.760342,1.000029822,1.124424965,1.000029822,1.124424965
3,76.63586976,221.7591016,1.000029886,1.124478274,1.000029886,1.124478274
3,77.63453997,222.758332,1.000029953,1.124533684,1.000029953,1.124533684
3,78.63267967,223.7572644,1.000030026,1.12459507,1.000030026,1.12459507
3,77.54824551,223.5581881,1.000029991,1.124565897,1.000029991,1.124565897
3,78.54504168,224.5563408,1.000030097,1.124653231,1.000030097,1.124653231
3,79.54257547,225.5549306,1.000030385,1.124891142,1.000030385,1.124891142
3,80.54231257,226.5547815,1.000030444,1.124939633,1.000030444,1.124939633
3,79.23866675,226.2437254,1.000029943,1.124525576,1.000029943,1.124525576
3,80.03347365,227.1264296,1.000029951,1.12453212,1.000029951,1.12453212
3,81.03155587,228.1253411,1.000030039,1.124605798,1.000030039,1.124605798
3,69.38445879,221.5129903,1.000030271,1.124797061,1.000030271,1.124797061
3,70.15950912,222.3691713,1.000030231,1.124764542,1.000030231,1.124764542
3,71.15759605,223.3679586,1.000030265,1.124792071,1.000030265,1.124792071
3,72.15730207,224.367774,1.000030362,1.124872093,1.000030362,1.124872093
3,70.210513,223.5045189,1.00002932,1.124003535,1.00002932,1.124003535
3,70.45634121,224.0222841,1.000029078,1.123798163,1.000029078,1.123798163
3,71.45418718,225.0209143,1.000029374,1.12404918,1.000029374,1.12404918
3,72.45318347,226.0202821,1.000029375,1.124049426,1.000029375,1.124049426
3,73.45090853,227.0188628,1.000029375,1.124049693,1.000029375,1.124049693
3,74.44890572,228.0176247,1.000029377,1.124051251,1.000029377,1.124051251
3,75.44835207,229.0172856,1.000029441,1.124105241,1.000029441,1.124105241
3,76.44654415,230.016188,1.000029502,1.124156361,1.000029502,1.124156361
3,77.44256471,231.0137932,1.000029576,1.1242191,1.000029576,1.1242191
3,78.44070901,232.0126861,1.000029644,1.124275956,1.000029644,1.124275956
3,79.44012567,233.012341,1.000029724,1.124343318,1.000029724,1.124343318
3,80.43736879,234.0107237,1.000029781,1.124390384,1.000029781,1.124390384
3,80.3651861,234.3835257,1.000029983,1.12455933,1.000029983,1.12455933
3,80.96179292,235.1477541,1.000030088,1.124646227,1.000030088,1.124646227
3,81.95925083,236.1462774,1.000030175,1.124717953,1.000030175,1.124717953
3,82.95782866,237.1454579,1.000030087,1.124645362,1.000030087,1.124645362
3,83.95467553,238.1436551,1.000030326,1.124842422,1.000030326,1.124842422
3,84.95321874,239.1428287,1.000030326,1.124842401,1.000030326,1.124842401
3,83.44966632,238.7164165,1.000029489,1.12414602,1.000029489,1.12414602
3,83.22780002,239.0132309,1.000029375,1.124049857,1.000029375,1.124049857
3,84.22663093,240.0125594,1.000029375,1.124049426,1.000029375,1.124049426
3,85.22370794,241.0108935,1.000029436,1.124100852,1.000029436,1.124100852
3,86.22138411,242.0095792,1.000029507,1.124160588,1.000029507,1.124160588
3,87.2183919,243.0078994,1.00002957,1.124213948,1.00002957,1.124213948
3,88.21774329,244.007538,1.000029642,1.124273964,1.000029642,1.124273964
3,89.2146818,245.0058444,1.000029705,1.124326777,1.000029705,1.124326777
3,90.21040627,246.003496,1.000029768,1.124379715,1.000029768,1.124379715
3,91.20787193,247.0021137,1.000029835,1.124435925,1.000029835,1.124435925
3,92.20659074,248.0014198,1.000029907,1.12449537,1.000029907,1.12449537
3,93.20499077,249.0005591,1.000029969,1.124547062,1.000029969,1.124547062
3,92.09756302,248.8642206,1.000030046,1.124611482,1.000030046,1.124611482
3,92.8276527,249.7181801,1.000030052,1.124616259,1.000030052,1.124616259
3,93.82565844,250.7171071,1.000030156,1.12470229,1.000030156,1.12470229
3,94.82240233,251.7153669,1.000030243,1.12477448,1.000030243,1.12477448
3,95.29811951,252.4363972,1.02989586,1.971664405,1.02989586,1.971664405
3,93.32508201,251.8413027,1.000029591,1.124231336,1.000029591,1.124231336
3,94.32469644,252.8410946,1.000029745,1.124360477,1.000029745,1.124360477
3,95.32079951,253.8390054,1.00002983,1.124431524,1.00002983,1.124431524
3,96.32079951,254.8390054,1.000029904,1.124493559,1.000029904,1.124493559
3,88.6268499,251.0629358,1.000030158,1.124704392,1.000030158,1.124704392
3,89.28070091,251.8665139,1.000030616,1.125080776,1.000030616,1.125080776
3,87.39117717,251.214683,1.000029627,1.124261909,1.000029627,1.124261909
3,87.58893552,251.7517552,1.000029794,1.124401875,1.000029794,1.124401875
3,88.58799466,252.7512144,1.00002989,1.124481483,1.00002989,1.124481483
3,89.58616468,253.7501701,1.000030025,1.124593876,1.000030025,1.124593876
3,88.52988962,253.5744578,1.000030523,1.125004669,1.000030523,1.125004669
3,85.62448556,252.2966675,1.000029354,1.124031818,1.000029354,1.124031818
3,86.45605144,253.1973295,1.00002936,1.124036963,1.00002936,1.124036963
3,85.55779733,253.0755792,1.000000001,1.017397911,1.000000001,1.017397911
3,86.35337686,253.9545304,1.000000001,1.017390646,1.000000001,1.017390646
3,66.57875174,241.3547608,1.000029882,1.12447527,1.000029882,1.12447527
3,67.15895061,242.0496259,1.000029922,1.124508147,1.000029922,1.124508147
3,68.15661993,243.0479458,1.00003,1.124573308,1.00003,1.124573308
3,69.15476148,244.0466204,1.000030086,1.124644662,1.000030086,1.124644662
3,62.09135172,239.069811,1.000026655,1.121661786,1.000026655,1.121661786
3,59.75524393,237.4437518,1.000000001,1.017249855,1.000000001,1.017249855
3,60.75336769,238.4422607,1.000000001,1.017250744,1.000000001,1.017250744
3,61.7516609,239.440921,1.000000001,1.017251756,1.000000001,1.017251756
3,50.88543858,230.4369732,1.000029059,1.123781715,1.000029059,1.123781715
3,49.58709431,229.3166813,1.000027821,1.122708747,1.000027821,1.122708747
3,50.58484081,230.314597,1.000028298,1.123126651,1.000028298,1.123126651
3,51.58325251,231.3131506,1.000028298,1.123126814,1.000028298,1.123126814
3,40.0155182,219.7489895,1.000028886,1.123634049,1.000028886,1.123634049
3,41.01399726,220.747319,1.000028985,1.123718236,1.000028985,1.123718236
3,42.01369225,221.7469906,1.00002947,1.124129506,1.00002947,1.124129506
3,42.39969271,222.0950341,1.000029102,1.123817825,1.000029102,1.123817825
3,43.39177561,223.0867393,1.000029378,1.124052009,1.000029378,1.124052009
3,32.91714091,210.7959343,1.000029586,1.124227723,1.000029586,1.124227723
3,33.91325164,211.7909528,1.000029696,1.124319463,1.000029696,1.124319463
3,34.912439,212.7899378,1.00003006,1.124622644,1.00003006,1.124622644
3,35.91194858,213.78934,1.000030124,1.124675934,1.000030124,1.124675934
3,36.91082099,214.7879974,1.000030198,1.12473704,1.000030198,1.12473704
3,27.12650517,201.4451405,1.000029734,1.124351599,1.000029734,1.124351599
3,28.12632586,202.4448741,1.000030071,1.124632138,1.000030071,1.124632138
3,29.12534977,203.443469,1.000030203,1.124741039,1.000030203,1.124741039
3,30.12453153,204.4423259,1.000030138,1.124687597,1.000030138,1.124687597
3,31.12306295,205.4403325,1.000030267,1.124794298,1.000030267,1.124794298
3,30.9492431,204.8667565,1.000029494,1.124150411,1.000029494,1.124150411
3,31.77041667,205.6294611,1.00002939,1.124062322,1.00002939,1.124062322
3,32.76931412,206.6280339,1.000029565,1.12420937,1.000029565,1.12420937
3,33.76806859,207.6264631,1.000029564,1.124208939,1.000029564,1.124208939
3,34.76806859,208.6264631,1.000029793,1.124400991,1.000029793,1.124400991
3,35.76709183,209.6252909,1.000029793,1.124401074,1.000029793,1.124401074
3,36.76537773,210.6232816,1.000029792,1.124400148,1.000029792,1.124400148
3,27.71421232,198.5909473,1.000029466,1.12412606,1.000029466,1.12412606
3,28.71286125,199.5890109,1.000029536,1.124185438,1.000029536,1.124185438
3,29.71245792,200.5884502,1.000029618,1.124254394,1.000029618,1.124254394
3,30.71226151,201.588185,1.000029698,1.124321271,1.000029698,1.124321271
3,31.07093839,201.7391642,1.000029173,1.123878531,1.000029173,1.123878531
3,23.84558411,190.7054451,1.000029692,1.124316258,1.000029692,1.124316258
3,24.84509153,191.7046572,1.000030212,1.124748976,1.000030212,1.124748976
3,25.84422931,192.7033266,1.000030212,1.124748811,1.000030212,1.124748811
3,26.11558108,192.6042512,1.000029361,1.124038172,1.000029361,1.124038172
3,26.82477109,193.1733789,1.000029335,1.124015646,1.000029335,1.124015646
3,20.85526011,182.8926656,1.000029703,1.1243254,1.000029703,1.1243254
3,21.62996315,183.4957933,1.000029514,1.124166764,1.000029514,1.124166764
3,22.59048258,184.4287584,1.000029562,1.124207215,1.000029562,1.124207215
3,22.65154725,183.8695214,1.000028969,1.123704763,1.000028969,1.123704763
3,23.65107933,184.8687617,1.000029111,1.123826236,1.000029111,1.123826236
3,24.65025855,185.8674786,1.000029177,1.12388195,1.000029177,1.12388195
3,25.64983082,186.8668335,1.000029241,1.123936398,1.000029241,1.123936398
3,26.64913141,187.8658145,1.00002931,1.12399501,1.00002931,1.12399501
3,27.64829466,188.8646347,1.000029377,1.124051312,1.000029377,1.124051312
3,28.64763215,189.8637296,1.000029446,1.124109732,1.000029446,1.124109732
3,29.64663796,190.8624117,1.000029579,1.124221605,1.000029579,1.124221605
3,30.64641749,191.8621279,1.000029509,1.124162209,1.000029509,1.124162209
3,31.64558184,192.8610815,1.000029653,1.124283186,1.000029653,1.124283186
3,32.64382994,193.8589461,1.000029714,1.124335057,1.000029714,1.124335057
3,33.64382994,194.8589461,1.000029787,1.1243954,1.000029787,1.1243954
3,34.18224154,195.3213002,1.00002978,1.124389623,1.00002978,1.124389623
3,34.97720967,196.0864208,1.000029941,1.124524465,1.000029941,1.124524465
3,35.97648714,197.0856107,1.000030004,1.124576787,1.000030004,1.124576787
3,36.97511971,198.0841124,1.000030068,1.124629378,1.000030068,1.124629378
3,37.97420315,199.0831304,1.000030136,1.124685886,1.000030136,1.124685886
3,38.9728853,200.0817486,1.000030202,1.124740153,1.000030202,1.124740153
3,39.9716616,201.0804921,1.000030263,1.124790751,1.000030263,1.124790751
3,39.6203875,200.7021886,1.000029342,1.124022,1.000029342,1.124022
3,40.27695534,201.3530359,1.000029837,1.124437138,1.000029837,1.124437138
3,41.27572397,202.3518047,1.000029837,1.124437056,1.000029837,1.124437056
3,42.27541702,203.3515037,1.000029837,1.124437056,1.000029837,1.124437056
3,43.26766283,204.3440434,1.000029832,1.124433601,1.000029832,1.124433601
3,44.26751982,205.3439083,1.000029833,1.124434383,1.000029833,1.124434383
3,45.26583726,206.3423473,1.000029832,1.124433519,1.000029832,1.124433519
3,46.26520142,207.3417676,1.000029834,1.124434629,1.000029834,1.124434629
3,47.26455153,208.3411851,1.000029833,1.124434383,1.000029833,1.124434383
3,48.26291127,209.339739,1.000029887,1.124479405,1.000029887,1.124479405
3,49.26139588,210.3384244,1.000029953,1.124533849,1.000029953,1.124533849
3,49.28158246,210.4949569,1.000030506,1.124990477,1.000030506,1.124990477
3,37.06172633,198.7488967,1.000029572,1.124216001,1.000029572,1.124216001
3,37.83135695,199.5012022,1.000029457,1.124118655,1.000029457,1.124118655
3,38.83135695,200.5012022,1.000029523,1.124174582,1.000029523,1.124174582
3,39.82962434,201.4994129,1.000030214,1.124750625,1.000030214,1.124750625
3,38.40088331,199.9797656,1.000029544,1.124191821,1.000029544,1.124191821
3,39.10959723,200.6754556,1.00002995,1.124531276,1.00002995,1.124531276
3,40.1089186,201.6747591,1.00002995,1.124531462,1.00002995,1.124531462
3,41.1073941,202.673226,1.00002995,1.124531462,1.00002995,1.124531462
3,42.10651097,203.6723552,1.000030037,1.124603615,1.000030037,1.124603615
3,43.1059543,204.6718166,1.000030097,1.124653911,1.000030097,1.124653911
3,44.10488576,205.6708019,1.000030168,1.124712244,1.000030168,1.124712244
3,43.58864541,205.2368325,1.000029281,1.123970177,1.000029281,1.123970177
3,44.10654097,205.7808135,1.000029345,1.12402405,1.000029345,1.12402405
3,45.1053383,206.7796913,1.000029408,1.124077802,1.000029408,1.124077802
3,46.10518922,207.7795546,1.000029472,1.12413166,1.000029472,1.12413166
3,47.10309396,208.777666,1.000029547,1.124194222,1.000029547,1.124194222
3,48.10180958,209.7765274,1.000029604,1.124242197,1.000029604,1.124242197
3,49.10045822,210.7753488,1.000029881,1.124474489,1.000029881,1.124474489
3,50.09842969,211.7736071,1.029802316,1.97078786,1.029802316,1.97078786
3,50.32452512,212.1152442,1.000030184,1.124725393,1.000030184,1.124725393
3,51.14678158,212.9651961,1.000030176,1.124719086,1.000030176,1.124719086
3,52.14500659,213.9637179,1.000030245,1.124775882,1.000030245,1.124775882
3,53.14371399,214.9626571,1.00003031,1.124829589,1.00003031,1.124829589
3,52.57259448,214.6763406,1.000029932,1.124516871,1.000029932,1.124516871
3,40.83053919,204.0839204,1.000000001,1.017585294,1.000000001,1.017585294
3,41.22671676,204.4766988,1.000000001,1.017585985,1.000000001,1.017585985
3,42.15163679,205.402168,1.000000001,1.017593694,1.000000001,1.017593694
3,32.29308589,194.5226547,1.542282819,2.733541626,1.542282819,2.733541626
3,16.63577006,169.2566095,1.00003017,1.12471414,1.00003017,1.12471414
3,17.32246097,169.6142142,1.000029603,1.124241335,1.000029603,1.124241335
3,18.32101537,170.6113832,1.000029601,1.124239856,1.000029601,1.124239856
3,19.3205158,171.6104527,1.0000296,1.124239446,1.0000296,1.124239446
3,20.31944621,172.6085526,1.000029657,1.124287068,1.000029657,1.124287068
3,21.31916079,173.6080677,1.000029747,1.124361875,1.000029747,1.124361875
3,22.31872039,174.6073504,1.000029824,1.124426713,1.000029824,1.124426713
3,22.971279,175.0603016,1.000029857,1.124454475,1.000029857,1.124454475
3,22.40312437,173.6020987,1.000030039,1.12460553,1.000030039,1.12460553
3,23.29863014,174.4398503,1.00003,1.124572814,1.00003,1.124572814
3,24.2979756,175.4388701,1.000030084,1.124643014,1.000030084,1.124643014
3,25.29612856,176.4362028,1.000030181,1.124722961,1.000030181,1.124722961
3,22.63558316,172.0057099,1.000025976,1.121035641,1.000025976,1.121035641
3,23.63550835,173.0055962,1.000028682,1.123459094,1.000028682,1.123459094
4,1.999992563,1.999998513,1,1,1,1
4,2.999979343,2.999995869,1,1,1,1
4,3.999969427,3.999993885,1,1,1,1
4,4.987399871,4.997476793,1,1,1,1
4,5.987383387,5.997473489,1,1,1,1
4,6.959496008,6.991876176,1,1,1,1
4,7.959329242,7.991842668,1,1,1,1
4,8.902623496,8.980422599,1,1,1,1
4,9.902564646,9.980410727,1,1,1,1
4,10.90253192,10.98040413,1,1,1,1
4,11.84359461,11.96850672,1,1,1,1
4,12.84350654,12.96848892,1,1,1,1
4,13.84350654,13.96848892,1,1,1,1
4,14.84322057,14.96843121,1,1,1,1
4,15.84317151,15.96842132,1,1,1,1
4,16.76304753,16.95223706,1,1,1,1
4,17.76299212,17.95222585,1,1,1,1
4,105.1264287,238.8208239,1,1,1,1
4,105.5984007,239.5804311,1,1,1,1
4,106.5980517,240.5802727,1,1,1,1
4,107.5976113,241.5800739,1,1,1,1
4,108.5969001,242.5797545,1,1,1,1
4,109.5965411,243.5795942,1,1,1,1
4,110.5961789,244.5794332,1,1,1,1
4,111.595722,245.5792311,1,1,1,1
4,111.7680767,246.2138799,1,1,1,1
4,112.7673379,247.2135544,1,1,1,1
4,113.7664993,248.2131867,1,1,1,1
4,114.4597998,249.0792121,1,1,1,1
4,115.4594215,250.0790475,1,1,1,1
4,116.4590399,251.0788822,1,1,1,1
4,117.4585587,252.0786747,1,1,1,1
4,118.4581705,253.0785081,1,1,1,1
4,119.457779,254.0783408,1,1,1,1
4,113.0486701,251.8453754,1,1,1,1
4,114.0479228,252.8450424,1,1,1,1
4,114.8089991,253.7390144,1,1,1,1
4,115.8086196,254.7388467,1,1,1,1
4,116.8082368,255.7386783,1,1,1,1
4,115.7362506,255.8248947,1,1,1,1
4,116.404214,256.6779383,1,1,1,1
4,117.4034445,257.677599,1,1,1,1
4,118.4030565,258.6774287,1,1,1,1
4,119.402176,259.6770439,1,1,1,1
4,120.4017813,260.6768723,1,1,1,1
4,121.4013834,261.6766999,1,1,1,1
4,122.4009821,262.676527,1,1,1,1
4,122.7274331,263.3867969,1,1,1,1
4,123.7266218,264.3864487,1,1,1,1
4,124.725804,265.3860991,1,1,1,1
4,125.7253917,266.3859237,1,1,1,1
4,126.7248723,267.3857036,1,1,1,1
4,127.7244534,268.3855268,1,1,1,1
4,128.7240313,269.3853494,1,1,1,1
4,5.0123915,135.6240671,1,1,1,1
4,6.012374933,136.6239774,1,1,1,1
4,7.012374933,137.6239774,1,1,1,1
4,8.012374933,138.6239774,1,1,1,1
4,8.423733505,137.5244946,1,1,1,1
4,9.423733505,138.5244946,1,1,1,1
4,10.42373351,139.5244946,1,1,1,1
4,11.42373351,140.5244946,1,1,1,1
4,12.42373351,141.5244946,1,1,1,1
4,13.42369244,142.524401,1,1,1,1
4,14.33036909,143.3256778,1,1,1,1
4,15.33036909,144.3256778,1,1,1,1
4,16.33030576,145.3255586,1,1,1,1
4,17.33030576,146.3255586,1,1,1,1
4,18.33030576,147.3255586,1,1,1,1
4,19.33030576,148.3255586,1,1,1,1
4,20.33030576,149.3255586,1,1,1,1
4,21.1571624,150.070341,1,1,1,1
4,22.15700506,151.0701178,1,1,1,1
4,23.15693182,152.0700179,1,1,1,1
4,24.15677875,153.0698169,1,1,1,1
4,25.15669891,154.0697157,1,1,1,1
4,26.15661576,155.0696138,1,1,1,1
4,26.96691717,155.8440327,1,1,1,1
4,27.96664978,156.8437236,1,1,1,1
4,28.96655734,157.8436199,1,1,1,1
4,29.96634193,158.8433852,1,1,1,1
4,30.96624289,159.8432802,1,1,1,1
4,31.96614054,160.8431745,1,1,1,1
4,32.96603488,161.8430682,1,1,1,1
4,33.80476305,162.6844082,1,1,1,1
4,34.80451165,163.6841662,1,1,1,1
4,30.06160463,158.8859482,1,1,1,1
4,31.06130655,159.8856331,1,1,1,1
4,32.06120389,160.8855274,1,1,1,1
4,33.06107143,161.8853945,1,1,1,1
4,34.06096216,162.8852875,1,1,1,1
4,34.93006129,163.7598965,1,1,1,1
4,35.92994584,164.7597883,1,1,1,1
4,36.92982708,165.7596794,1,1,1,1
4,37.92970503,166.7595698,1,1,1,1
4,38.79545826,167.641358,1,1,1,1
4,39.7952018,168.6411364,1,1,1,1
4,40.79503739,169.640997,1,1,1,1
4,41.79490256,170.6408849,1,1,1,1
4,42.65189678,171.5239515,1,1,1,1
4,43.65161484,172.5237247,1,1,1,1
4,44.65143449,173.5235822,1,1,1,1
4,45.4026809,174.3298096,1,1,1,1
4,46.40253084,175.3296943,1,1,1,1
4,47.40237747,176.3295784,1,1,1,1
4,47.28657345,176.4915261,1,1,1,1
4,48.28626087,177.4912927,1,1,1,1
4,49.28594168,178.4910581,1,1,1,1
4,50.28573806,179.4909106,1,1,1,1
4,51.28573806,180.4909106,1,1,1,1
4,52.28539904,181.490672,1,1,1,1
4,53.28539904,182.490672,1,1,1,1
4,54.28522293,183.4905513,1,1,1,1
4,55.04063943,184.3249083,1,1,1,1
4,52.89593038,183.168798,1,1,1,1
4,53.89558072,184.1685558,1,1,1,1
4,54.89540258,185.1684341,1,1,1,1
4,55.89522114,186.1683117,1,1,1,1
4,56.89499021,187.1681579,1,1,1,1
4,57.89499021,188.1681579,1,1,1,1
4,58.52899235,188.9296434,1,1,1,1
4,59.5287989,189.9295185,1,1,1,1
4,60.52855296,190.9293616,1,1,1,1
4,61.5283529,191.9292354,1,1,1,1
4,62.28297824,192.7759081,1,1,1,1
4,63.28256653,193.7756532,1,1,1,1
4,64.28209592,194.775365,1,1,1,1
4,64.80223977,195.4836991,1,1,1,1
4,65.8018114,196.4834406,1,1,1,1
4,66.33527787,197.2040344,1,1,1,1
4,67.33483937,198.2037737,1,1,1,1
4,68.33367098,199.2030858,1,1,1,1
4,69.33338866,200.2029212,1,1,1,1
4,70.3331595,201.2027889,1,1,1,1
4,71.33269457,202.2025229,1,1,1,1
4,72.33269457,203.2025229,1,1,1,1
4,63.67251516,198.4592993,1,1,1,1
4,64.18624428,199.1552399,1,1,1,1
4,65.18581999,200.1549766,1,1,1,1
4,66.18533522,201.1546789,1,1,1,1
4,67.18511647,202.154546,1,1,1,1
4,68.18467235,203.1542787,1,1,1,1
4,69.18467235,204.1542787,1,1,1,1
4,70.18415785,205.153975,1,1,1,1
4,70.64527971,205.8379661,1,1,1,1
4,71.64481272,206.837694,1,1,1,1
4,72.64457593,207.8375573,1,1,1,1
4,73.64403569,208.8372481,1,1,1,1
4,74.64379229,209.8371101,1,1,1,1
4,75.64354558,210.8369714,1,1,1,1
4,76.64329556,211.836832,1,1,1,1
4,77.29053827,212.6414726,1,1,1,1
4,78.29002735,213.6411915,1,1,1,1
4,79.2897039,214.641015,1,1,1,1
4,79.69346149,215.3172282,1,1,1,1
4,80.69293469,216.3169436,1,1,1,1
4,81.69266798,217.3168006,1,1,1,1
4,82.69206046,218.3164773,1,1,1,1
4,83.69178715,219.316333,1,1,1,1
4,84.69151054,220.3161881,1,1,1,1
4,85.69123061,221.3160424,1,1,1,1
4,86.29950773,222.1133297,1,1,1,1
4,86.83979564,222.8761871,1,1,1,1
4,87.8392216,223.8758924,1,1,1,1
4,85.9571701,223.3871258,1.000000001,1.016008535,1.000000001,1.016008535
4,83.07385816,222.3312253,1,1,1,1
4,84.07324037,223.3308946,1,1,1,1
4,85.07268461,224.3305994,1,1,1,1
4,86.07240343,225.3304511,1,1,1,1
4,87.07211895,226.3303021,1,1,1,1
4,88.07175921,227.3301151,1,1,1,1
4,89.07146812,228.3299649,1,1,1,1
4,90.07087933,229.329663,1,1,1,1
4,91.07087933,230.329663,1,1,1,1
4,92.07027732,231.3293585,1,1,1,1
4,92.38260904,231.982764,1,1,1,1
4,93.3823037,232.9826106,1,1,1,1
4,94.38168641,233.9823026,1,1,1,1
4,95.38168641,234.9823026,1,1,1,1
4,96.38097709,235.9819531,1,1,1,1
4,97.38065853,236.9817971,1,1,1,1
4,98.38033667,237.9816405,1,1,1,1
4,99.37927989,238.9811292,1,1,1,1
4,99.61998831,239.6148285,1,1,1,1
4,100.6193298,240.6145118,1,1,1,1
4,101.6186647,241.6141936,1,1,1,1
4,102.6182448,242.613994,1,1,1,1
4,103.6179057,243.6138336,1,1,1,1
4,104.6175632,244.6136726,1,1,1,1
4,105.6172174,245.6135109,1,1,1,1
4,106.6168683,246.6133485,1,1,1,1
4,107.6160754,247.6129817,1,1,1,1
4,108.6160754,248.6129817,1,1,1,1
4,108.9593114,249.3115964,1,1,1,1
4,102.3488674,246.7272892,1,1,1,1
4,103.3481063,247.7269222,1,1,1,1
4,104.3477647,248.7267585,1,1,1,1
4,104.6848481,249.4099224,1,1,1,1
4,105.6840696,250.4095514,1,1,1,1
5,1.027124397,1.486040007,1.027124397,1.486040007,1.027124397,1.486040007
5,1.029967589,1.732885707,1.029967589,1.732885707,1.029967589,1.732885707
5,1.338151942,2.386843915,1,1,1,1
5,2.311785263,3.377362914,1.980296199,1.996027808,1.980296199,1.996027808
5,2.820471989,4.219771354,1,1,1,1
5,5.814162708,22.75726139,1.000000001,1.017388728,1.000000001,1.017388728
5,6.813960934,23.75710343,1.000000001,1.017426783,1.000000001,1.017426783
5,7.813797656,24.75698958,1.000000001,1.017427589,1.000000001,1.017427589
5,5.893014427,23.54450484,1.000000001,1.017335201,1.000000001,1.017335201
5,6.838675958,24.50092383,1.000000001,1.017328358,1.000000001,1.017328358
5,7.838461232,25.50076997,1.000000001,1.017334598,1.000000001,1.017334598
5,3.436685604,21.18677908,1.000000001,1.017465179,1.000000001,1.017465179
5,4.428953242,22.17723666,1.000000001,1.017468404,1.000000001,1.017468404
5,3.902459257,21.37982444,1.000000001,1.017418529,1.000000001,1.017418529
5,4.831085987,22.30104153,1.030480731,1.97551067,1.030480731,1.97551067
5,1.252164683,13.3552929,1.000029903,1.124492345,1.000029903,1.124492345
5,2.227331021,14.30189358,1.000029419,1.124086845,1.000029419,1.124086845
5,3.227207716,15.30173523,1.000029484,1.12414122,1.000029484,1.12414122
5,2.802321244,14.61889086,1.029441564,1.970205157,1.029441564,1.970205157
5,1.081681139,8.208338907,1.030005825,1.971476333,1.030005825,1.971476333
5,1.072586526,5.781967608,1,1,1,1
5,1.462342677,5.886320884,1.02979395,1.970620027,1.02979395,1.970620027
5,2.201649634,6.659651295,1,1,1,1
5,2.070670712,6.765447646,1,1,1,1
5,3.065509974,7.762071971,1,1,1,1
5,3.066296068,8.173244407,1,1,1,1
5,4.059905226,9.169834592,1,1,1,1
5,5.050010924,10.16536071,1,1,1,1
5,1.532086377,7.481279617,1.029021298,1.965153061,1.029021298,1.965153061
5,1.589560769,7.18051909,1,1,1,1
5,2.409734064,8.010158747,1,1,1,1
5,3.409650437,9.010103149,1,1,1,1
5,1.28570703,6.487467699,1.029425628,1.965287447,1.029425628,1.965287447
5,1.688403623,6.725526568,1,1.000551936,1,1.000551936
5,2.664795967,7.70661291,1,1,1,1
5,3.636237199,8.690023198,1,1,1,1
5,4.636071949,9.689944213,1,1,1,1
5,5.635930213,10.68988496,1,1,1,1
5,6.635771879,11.6898249,1,1,1,1
5,7.63551966,12.68973603,1,1,1,1
5,8.635229443,13.68963957,1,1,1,1
5,9.635200902,14.68963052,1,1,1,1
5,10.63489837,15.68953827,1,1,1,1
5,11.63464353,16.68946308,1,1,1,1
5,12.53143039,17.65974636,1,1,1,1
5,13.53103692,18.65963546,1,1,1,1
5,14.05830014,19.52739107,1,1,1,1
5,15.05782388,20.52725876,1,1,1,1
5,4.453000424,16.29036457,1,1.000411293,1,1.000411293
5,4.340475318,16.38019741,1.000029843,1.124442835,1.000029843,1.124442835
5,4.447410354,16.64264789,1,1.00000003,1,1.00000003
5,5.439802524,17.63695014,1,1.00000003,1,1.00000003
5,3.42649445,16.00730541,1.000029799,1.124405473,1.000029799,1.124405473
5,4.265704096,16.85417292,1.029811239,1.96779437,1.029811239,1.96779437
5,4.368249722,17.0764501,1,1.000242224,1,1.000242224
5,5.26312114,17.99345307,1,1.000241049,1,1.000241049
5,6.262881956,18.99328952,1,1.000241048,1,1.000241048
5,7.262643911,19.99314514,1,1.000241047,1,1.000241047
5,8.262595903,20.99311871,1,1.00024105,1,1.00024105
5,9.262452529,21.99304585,1,1.00024105,1,1.00024105
5,10.2621617,22.99290774,1,1.000243831,1,1.000243831
5,11.26180556,23.99274815,1,1.000244105,1,1.000244105
5,12.26157293,24.99264902,1,1.000244106,1,1.000244106
5,13.26122845,25.99250859,1,1.000244107,1,1.000244107
5,14.26091068,26.99238402,1,1.000244106,1,1.000244106
5,15.26061609,27.99227251,1,1.000244106,1,1.000244106
5,16.2598217,28.99198107,1,1.000292296,1,1.000292296
5,17.25964704,29.99191878,1,1.000244107,1,1.000244107
5,16.50666723,30.3563166,1,1.000241803,1,1.000241803
5,17.38412435,31.31111006,1,1.000242003,1,1.000242003
5,18.38357851,32.31091343,1,1.000242001,1,1.000242001
5,19.38224181,33.31044354,1,1.000242001,1,1.000242001
5,20.38217775,34.31042152,1,1.000242001,1,1.000242001
5,21.38153777,35.31020606,1,1.000242024,1,1.000242024
5,22.38153777,36.31020606,1,1.000242024,1,1.000242024
5,18.08771752,35.40230487,1,1.000241978,1,1.000241978
5,18.76372973,36.27456085,1,1.000241554,1,1.000241554
5,19.76321809,37.27436303,1,1.000241555,1,1.000241555
5,20.76259755,38.27412895,1,1.000241556,1,1.000241556
5,21.76239168,39.27405305,1,1.000241554,1,1.000241554
5,22.76185222,40.27385834,1,1.000241556,1,1.000241556
5,23.76059212,41.27341241,1,1.000241554,1,1.000241554
5,24.76017982,42.27326918,1,1.000244246,1,1.000244246
5,25.76009799,43.27324123,1,1.000244926,1,1.000244926
5,26.75839521,44.27266913,1,1.00024493,1,1.00024493
5,27.75839521,45.27266913,1,1.000244932,1,1.000244932
5,28.75734014,46.27232497,1,1.000244933,1,1.000244933
5,29.75684114,47.27216439,1,1.000244932,1,1.000244932
5,30.75602975,48.27190659,1,1.000244932,1,1.000244932
5,31.7551657,49.27163536,1,1.000244932,1,1.000244932
5,32.75416863,50.27132594,1,1.000244932,1,1.000244932
5,33.75303193,51.27097702,1.000030065,1.124627113,1.000030065,1.124627113
5,34.75200002,52.27066352,1.000030139,1.124688565,1.000030139,1.124688565
5,31.77727508,52.01619752,1,1.000241882,1,1.000241882
5,32.25768169,52.84496952,1,1.000241429,1,1.000241429
5,33.25712195,53.84478612,1,1.000241431,1,1.000241431
5,34.25618763,54.84448358,1,1.000241431,1,1.000241431
5,35.25559322,55.84429324,1,1.000241432,1,1.000241432
5,36.25463189,56.8439887,1,1.000241431,1,1.000241431
5,37.25349354,57.84363173,1,1.000241457,1,1.000241457
5,38.25324728,58.84355525,1,1.000241459,1,1.000241459
5,39.25163528,59.84305931,1,1.000241459,1,1.000241459
5,40.25069472,60.84277251,1,1.00024146,1,1.00024146
5,41.25026236,61.8426418,1,1.000241461,1,1.000241461
5,42.2478424,62.84191618,1,1.000241459,1,1.000241459
5,43.2478424,63.84191618,1,1.000241462,1,1.000241462
5,44.24634153,64.84147306,1,1.00024146,1,1.00024146
5,45.24451354,65.84093728,1,1.000244105,1,1.000244105
5,46.24357892,66.84066526,1,1,1,1
5,46.4283235,67.60331079,1,1,1,1
5,47.42640536,68.60275219,1,1,1,1
5,43.67958337,68.17095632,1,1.000241537,1,1.000241537
5,43.44924538,68.78251578,1,1.000240521,1,1.000240521
5,44.44759392,69.7819929,1,1.000240522,1,1.000240522
5,45.44663903,70.78169307,1,1.000240521,1,1.000240521
5,46.44461125,71.78106141,1,1.000240521,1,1.000240521
5,47.44426586,72.78095465,1,1.000240521,1,1.000240521
5,48.44297218,73.78055774,1,1.000240521,1,1.000240521
5,49.44129102,74.78004564,1,1.000243764,1,1.000243764
5,50.44059652,75.77983555,1,1.00024419,1,1.00024419
5,51.43901275,76.77935966,1,1.000244194,1,1.000244194
5,52.4367176,77.77867449,1,1.000244194,1,1.000244194
5,53.43580771,78.77840456,1,1.000244194,1,1.000244194
5,54.4343065,79.77796192,1,1.000244301,1,1.000244301
5,55.43318204,80.77763232,1,1.00024492,1,1.00024492
5,56.43281561,81.77752553,1,1.000244922,1,1.000244922
5,57.42969147,82.77662006,1,1.000244921,1,1.000244921
5,58.42850514,83.77627807,1,1.00024492,1,1.00024492
5,59.42686367,84.77580735,1,1.00024492,1,1.00024492
5,60.42543966,85.77540106,1,1.000244922,1,1.000244922
5,61.26582719,86.73003834,1,1.000244794,1,1.000244794
5,62.26415663,87.72956535,1,1.000244793,1,1.000244793
5,63.26220161,88.72901443,1,1.000244794,1,1.000244794
5,64.25979709,89.72833992,1,1.000244794,1,1.000244794
5,65.25937231,90.72822129,1,1.000244794,1,1.000244794
5,59.82889755,89.86524861,1,1.0002418,1,1.0002418
5,59.48438886,90.4576677,1,1.000241371,1,1.000241371
5,60.48212792,91.45698005,1,1.000241372,1,1.000241372
5,61.48107844,92.45666266,1,1.000241395,1,1.000241395
5,62.47940201,93.45615844,1,1.000241398,1,1.000241398
5,63.47744023,94.45557155,1,1.000241398,1,1.000241398
5,64.47723043,95.45550912,1,1.000241399,1,1.000241399
5,65.47296839,96.45424713,1,1.000241399,1,1.000241399
5,66.47275199,97.45418337,1,1.000241401,1,1.000241401
5,67.47137885,98.45378074,1,1.000243904,1,1.000243904
5,68.47043108,99.45350415,1,1.000245626,1,1.000245626
5,69.46664054,100.452403,1,1.000245625,1,1.000245625
5,70.46566475,101.4521208,1,1.000245625,1,1.000245625
5,71.46444202,102.4517687,1,1.000245625,1,1.000245625
5,72.46320197,103.4514131,1,1.000245627,1,1.000245627
5,73.45966937,104.4504044,1,1.000245647,1,1.000245647
5,74.45742352,105.4497658,1,1.000245657,1,1.000245657
5,75.45483956,106.4490339,1,1.000245658,1,1.000245658
5,76.45328088,107.4485941,1,1.000245658,1,1.000245658
5,77.22600694,108.3846351,1,1.000245515,1,1.000245515
5,78.22600694,109.3846351,1,1.000245515,1,1.000245515
5,79.22303366,110.3838036,1,1.000245515,1,1.000245515
5,80.22165898,111.3834205,1.000029281,1.123970443,1.000029281,1.123970443
5,81.21635621,112.381948,1.000029341,1.124020545,1.000029341,1.124020545
5,82.21159163,113.3806293,1.00002941,1.124079627,1.00002941,1.124079627
5,73.62474199,111.603577,1,1.000241654,1,1.000241654
5,73.44447771,112.2434411,1,1.000240881,1,1.000240881
5,74.44217164,113.2427362,1,1.000240883,1,1.000240883
5,75.4419256,114.2426613,1,1.000240883,1,1.000240883
5,76.43693877,115.241151,1,1.000240882,1,1.000240882
5,77.43618086,116.2409224,1,1.000240911,1,1.000240911
5,78.43349353,117.2401156,1,1.000240911,1,1.000240911
5,79.43161408,118.2395537,1,1.000240912,1,1.000240912
5,80.4288575,119.2387331,1,1.000240913,1,1.000240913
5,81.42825938,120.2385557,1,1.000244394,1,1.000244394
5,82.42516439,121.2376417,1,1.000244393,1,1.000244393
5,83.42257634,122.2368803,1,1.000244393,1,1.000244393
5,84.41885411,123.2357895,1,1.000244394,1,1.000244394
5,85.41822632,124.2356062,1,1.000244396,1,1.000244396
5,86.41561487,125.2348465,1,1.000244394,1,1.000244394
5,45.68766685,110.7600457,1.516954871,1.876587206,1.516954871,1.876587206
5,46.54236625,111.6895058,1.515349973,1.876042277,1.515349973,1.876042277
5,47.54205859,112.6893582,1.515341456,1.876039356,1.515341456,1.876039356
5,48.4492039,113.6453049,1.446965055,1.851454268,1.446965055,1.851454268
5,48.72080305,114.3015152,1.506624869,1.873055625,1.506624869,1.873055625
5,49.01294944,114.9674358,1,1,1,1
5,49.91164429,115.9198711,1,1,1,1
5,50.69087183,116.8171403,1,1,1,1
5,28.94994987,104.7043144,1.000000001,1.017304244,1.000000001,1.017304244
5,29.9497585,105.704176,1.000000001,1.017367422,1.000000001,1.017367422
5,30.94923881,106.7038092,1.000000001,1.017368394,1.000000001,1.017368394
5,26.31711999,103.5021061,1,1.000241977,1,1.000241977
5,23.8752403,101.6409315,1,1.000244915,1,1.000244915
5,13.15125793,89.79803069,1.029858381,1.969262563,1.029858381,1.969262563
5,6.98264818,77.71001121,1.000028384,1.123201269,1.000028384,1.123201269
5,7.96862452,78.6787722,1.000031941,1.126144567,1.000031941,1.126144567
5,8.932721673,79.60774622,1.000031798,1.126031567,1.000031798,1.126031567
5,7.830964226,76.44925755,1,1,1,1
5,1.661984961,47.64228826,1.030088499,1.971467393,1.030088499,1.971467393
5,2.125371713,45.06830976,1,1,1,1
5,3.106372669,45.9874455,1,1,1,1
5,4.090971775,46.94175514,1.000031027,1.12541466,1.000031027,1.12541466
5,5.090873746,47.94153017,1.000031362,1.125684616,1.000031362,1.125684616
5,6.090768582,48.9413321,1.000031363,1.125685239,1.000031363,1.125685239
6,1,1,1,1,1507652958,1
6,1.106001756,1.63835551,1,1,1507652958,1
6,2.105990789,2.638352261,1,1,1507652958,1
6,3.105975127,3.638348337,1,1,1507652958,1
6,4.105964862,4.638345932,1,1,1507652958,1
6,5.105951291,5.638342866,1,1,1507652958,1
6,36.03649864,190.9123175,1,1,1507653014,1
6,37.03623065,191.9120335,1,1,1507653014,1
6,38.03610823,192.9119067,1,1,1507653014,1
6,39.03598252,193.9117792,1,1,1507653014,1
6,39.82643614,194.7031458,1,1,1507653014,1
6,40.82630451,195.7030171,1,1,1507653014,1
6,41.82616957,196.7028877,1,1,1507653014,1
6,42.82603132,197.7027577,1,1,1507653014,1
6,43.82571284,198.7024636,1,1,1507653014,1
6,44.82571284,199.7024636,1,1,1507653014,1
6,45.82541653,200.7021996,1,1,1507653014,1
6,46.82526507,201.7020669,1,1,1507653014,1
6,47.60408667,202.5111586,1,1,1507653014,1
6,48.60392933,203.5110247,1,1,1507653014,1
6,49.60360804,204.5107557,1,1,1507653014,1
6,50.6034031,205.5105867,1,1,1507653014,1
6,51.60323585,206.5104508,1,1,1507653014,1
6,52.60306529,207.5103143,1,1,1507653014,1
6,53.39055727,208.342381,1,1,1507653014,1
6,54.3903808,209.3422433,1,1,1507653014,1
6,55.26441811,210.2451902,1,1,1507653014,1
6,56.26423545,211.2450512,1,1,1507653014,1
6,57.26423545,212.2450512,1,1,1507653014,1
6,58.26423545,213.2450512,1,1,1507653014,1
6,59.26423545,214.2450512,1,1,1507653014,1
6,60.26423545,215.2450512,1,1,1507653014,1
6,61.26403627,216.2449089,1,1,1507653014,1
6,62.26403627,217.2449089,1,1,1507653014,1
6,63.26403627,218.2449089,1,1,1507653014,1
6,62.21010473,217.8090302,1,1,1507653014,1
6,63.21010473,218.8090302,1,1,1507653014,1
6,64.21010473,219.8090302,1,1,1507653014,1
6,65.20989251,220.8088849,1,1,1507653014,1
6,66.20989251,221.8088849,1,1,1507653014,1
6,67.20989251,222.8088849,1,1,1507653014,1
6,68.20967037,223.8087376,1,1,1507653014,1
6,69.20967037,224.8087376,1,1,1507653014,1
6,70.20967037,225.8087376,1,1,1507653014,1
6,71.20967037,226.8087376,1,1,1507653014,1
6,72.04669313,227.7048232,1,1,1507653014,1
6,73.04669313,228.7048232,1,1,1507653014,1
6,74.04669313,229.7048232,1,1,1507653014,1
6,75.04669313,230.7048232,1,1,1507653014,1
6,76.04644509,231.7046707,1,1,1507653014,1
6,77.04644509,232.7046707,1,1,1507653014,1
6,78.04644509,233.7046707,1,1,1507653014,1
6,79.04644509,234.7046707,1,1,1507653014,1
6,80.04618383,235.7045155,1,1,1507653014,1
6,81.04618383,236.7045155,1,1,1507653014,1
6,81.95435562,237.6508523,1,1,1507653014,1
6,82.95435562,238.6508523,1,1,1507653014,1
6,83.95435562,239.6508523,1,1,1507653014,1
6,84.95435562,240.6508523,1,1,1507653014,1
6,85.95435562,241.6508523,1,1,1507653014,1
6,86.95407153,242.6506925,1,1,1507653014,1
6,87.57789176,243.4403777,1,1,1507653014,1
6,88.5776023,244.4402168,1,1,1507653014,1
6,89.5776023,245.4402168,1,1,1507653014,1
6,90.5776023,246.4402168,1,1,1507653014,1
6,91.5776023,247.4402168,1,1,1507653014,1
6,92.57729962,248.4400532,1,1,1507653014,1
6,93.57729962,249.4400532,1,1,1507653014,1
6,94.48525379,250.3909624,1,1,1507653014,1
6,95.48525379,251.3909624,1,1,1507653014,1
6,96.4593784,252.3773361,1,1,1507653014,1
6,97.4593784,253.3773361,1,1,1507653014,1
6,98.4593784,254.3773361,1,1,1507653014,1
6,99.2569276,255.2726405,1,1,1507653014,1
6,100.2565995,256.2724718,1,1,1507653014,1
6,101.2565995,257.2724718,1,1,1507653014,1
6,102.2565995,258.2724718,1,1,1507653014,1
6,103.2565995,259.2724718,1,1,1507653014,1
6,104.1703765,260.2291569,1,1,1507653014,1
6,105.1700322,261.2289849,1,1,1507653014,1
6,106.1700322,262.2289849,1,1,1507653014,1
6,107.1700322,263.2289849,1,1,1507653014,1
6,107.8732562,264.083036,1,1,1507653014,1
6,108.8725431,265.0826869,1,1,1507653014,1
6,109.8725431,266.0826869,1,1,1507653014,1
6,110.553889,266.928168,1,1,1507653014,1
6,111.5535236,267.9279916,1,1,1507653014,1
6,112.5535236,268.9279916,1,1,1507653014,1
6,113.5535236,269.9279916,1,1,1507653014,1
6,114.4685465,270.8875797,1,1,1507653014,1
6,115.4681682,271.8874006,1,1,1507653014,1
6,116.4681682,272.8874006,1,1,1507653014,1
6,117.4681682,273.8874006,1,1,1507653014,1
6,118.2781747,274.7987459,1,1,1507653014,1
6,119.2777837,275.7985643,1,1,1507653014,1
6,120.2777837,276.7985643,1,1,1507653014,1
6,121.2027714,277.7640301,1,1,1507653014,1
6,122.2027714,278.7640301,1,1,1507653014,1
6,122.9941321,279.6687771,1,1,1507653014,1
6,123.9941321,280.6687771,1,1,1507653014,1
6,124.8352226,281.5967998,1,1,1507653014,1
6,125.83481,282.5966136,1,1,1507653014,1
6,126.6326338,283.5057468,1,1,1507653014,1
6,127.6326338,284.5057468,1,1,1507653014,1
6,128.4386252,285.4192013,1,1,1507653014,1
6,129.4380946,286.4189655,1,1,1507653014,1
6,130.4380946,287.4189655,1,1,1507653014,1
6,131.3550223,288.3823464,1,1,1507653014,1
6,132.3544796,289.3821081,1,1,1507653014,1
6,133.0658552,290.2557872,1,1,1507653014,1
6,134.0658552,291.2557872,1,1,1507653014,1
6,135.0654121,292.2555946,1,1,1507653014,1
6,135.9801736,293.2186974,1,1,1507653014,1
6,136.9801736,294.2186974,1,1,1507653014,1
6,137.7786243,295.1320651,1,1,1507653014,1
6,138.7781689,296.13187,1,1,1507653014,1
6,139.5359643,297.0284321,1,1,1507653014,1
6,140.5355031,298.0282358,1,1,1507653014,1
6,141.5355031,299.0282358,1,1,1507653014,1
6,142.3349588,299.9434479,1,1,1507653014,1
6,143.3344883,300.9432497,1,1,1507653014,1
6,144.1448783,301.8635869,1,1,1507653014,1
6,145.1448783,302.8635869,1,1,1507653014,1
6,146.1448783,303.8635869,1,1,1507653014,1
6,146.9985917,304.8027309,1,1,1507653014,1
6,147.9979844,305.8024791,1,1,1507653014,1
6,145.6130487,305.390671,1,1,1507653014,1
6,146.6125674,306.3904692,1,1,1507653014,1
6,147.6125674,307.3904692,1,1,1507653014,1
6,148.6125674,308.3904692,1,1,1507653014,1
6,149.6125674,309.3904692,1,1,1507653014,1
6,150.6120729,310.3902646,1,1,1507653014,1
6,151.6120729,311.3902646,1,1,1507653014,1
6,152.6115718,312.3900588,1,1,1507653014,1
6,153.6115718,313.3900588,1,1,1507653014,1
6,6.444983662,161.6940311,1,1,1507653015,1
6,7.444935733,162.6937906,1,1,1507653015,1
6,8.44488652,163.6935755,1,1,1507653015,1
6,9.444858608,164.6934673,1,1,1507653015,1
6,10.44482739,165.6933585,1,1,1507653015,1
6,11.44479287,166.6932489,1,1,1507653015,1
6,12.44474559,167.6931112,1,1,1507653015,1
6,13.44470445,168.6930003,1,1,1507653015,1
6,14.37290855,169.5124472,1,1,1507653015,1
6,15.37286105,170.5123351,1,1,1507653015,1
6,16.37274672,171.5120815,1,1,1507653015,1
6,17.37269261,172.5119681,1,1,1507653015,1
6,18.37263519,173.5118541,1,1,1507653015,1
6,19.24768025,174.2751936,1,1,1507653015,1
6,20.24755302,175.2749632,1,1,1507653015,1
6,21.24748609,176.2748473,1,1,1507653015,1
6,22.24741587,177.2747308,1,1,1507653015,1
6,23.24732395,178.2745843,1,1,1507653015,1
6,24.24717028,179.2743486,1,1,1507653015,1
6,25.24717028,180.2743486,1,1,1507653015,1
6,25.42987699,180.0917784,1,1,1507653015,1
6,26.23829497,180.8196042,1,1,1507653015,1
6,27.23812153,181.8193651,1,1,1507653015,1
6,28.23791897,182.8190947,1,1,1507653015,1
6,29.23782563,183.8189738,1,1,1507653015,1
6,30.237729,184.8188523,1,1,1507653015,1
6,31.23762906,185.8187302,1,1,1507653015,1
6,32.23752581,186.8186073,1,1,1507653015,1
6,33.23739262,187.818453,1,1,1507653015,1
6,33.88314188,188.4163738,1,1,1507653015,1
6,34.88288991,189.4160936,1,1,1507653015,1
6,35.88265932,190.4158432,1,1,1507653015,1
6,36.88254072,191.4157173,1,1,1507653015,1
6,37.88238834,192.4155591,1,1,1507653015,1
6,38.88226313,193.4154319,1,1,1507653015,1
6,39.88158844,194.4147607,1,1,1507653015,1
6,40.67700932,195.2148937,1,1,1507653015,1
6,41.67687488,196.2147647,1,1,1507653015,1
6,42.67673713,197.214635,1,1,1507653015,1
6,43.67656081,198.214472,1,1,1507653015,1
6,44.67627209,199.21421,1,1,1507653015,1
6,45.67627209,200.21421,1,1,1507653015,1
6,46.67597016,201.2139453,1,1,1507653015,1
6,47.67577732,202.213779,1,1,1507653015,1
6,48.67561974,203.2136453,1,1,1507653015,1
6,49.67545886,204.213511,1,1,1507653015,1
6,50.4098201,204.9946366,1,1,1507653015,1
6,51.40965349,205.9945011,1,1,1507653015,1
6,52.40948357,206.9943649,1,1,1507653015,1
6,53.40913713,207.9940913,1,1,1507653015,1
6,54.40891647,208.9939194,1,1,1507653015,1
6,55.40873664,209.9937812,1,1,1507653015,1
6,56.4085535,210.9936424,1,1,1507653015,1
6,57.40836706,211.993503,1,1,1507653015,1
6,58.01439107,212.7017317,1,1,1507653015,1
6,59.01395964,213.7014153,1,1,1507653015,1
6,60.01376459,214.701274,1,1,1507653015,1
6,61.01356623,215.7011321,1,1,1507653015,1
6,62.01336457,216.7009895,1,1,1507653015,1
6,62.54637558,217.3736305,1,1,1507653015,1
6,63.54596213,218.3733431,1,1,1507653015,1
6,64.54569959,219.3731626,1,1,1507653015,1
6,65.54548626,220.3730176,1,1,1507653015,1
6,66.54526962,221.372872,1,1,1507653015,1
6,67.54482973,222.3725793,1,1,1507653015,1
7,1.027124397,1.486040007,1.027124397,1.486040007,1.027124397,1.486040007
7,1.029967589,1.732885707,1.029967589,1.732885707,1.029967589,1.732885707
7,1.338151942,2.386843915,1,1,1,1
7,2.311785263,3.377362914,1.980296199,1.996027808,1.980296199,1.996027808
7,2.820471989,4.219771354,1,1,1,1
7,3.820395082,5.219748341,1,1,1,1
7,4.820208837,6.219697447,1,1,1,1
7,5.820192905,7.219693336,1,1,1,1
7,111.6747343,257.245886,1.000029655,1.12428524,1.000029655,1.12428524
7,112.6600634,258.2391266,1.000029722,1.124341694,1.000029722,1.124341694
7,103.031572,254.1715856,1.000030464,1.124955987,1.000030464,1.124955987
7,102.9503721,254.6358835,1.000030145,1.124693325,1.000030145,1.124693325
7,103.5703134,255.447599,1.000030035,1.124601803,1.000030035,1.124601803
7,104.5689441,256.4469235,1.000030035,1.124601741,1.000030035,1.124601741
7,105.562032,257.4435332,1.000030034,1.124600959,1.000030034,1.124600959
7,104.3871043,257.3738428,1.000029607,1.12424503,1.000029607,1.12424503
7,104.7695438,258.0685917,1.000029493,1.124149385,1.000029493,1.124149385
7,105.7659079,259.0668005,1.000029566,1.124210499,1.000029566,1.124210499
7,106.7633735,260.0655589,1.000029632,1.124265873,1.000029632,1.124265873
7,107.7596684,261.0637538,1.000029702,1.124324455,1.000029702,1.124324455
7,108.7596684,262.0637538,1.000030024,1.124592929,1.000030024,1.124592929
7,109.7570622,263.0624979,1.000030024,1.124593093,1.000030024,1.124593093
7,100.3769848,258.8870937,1.000029731,1.124348517,1.000029731,1.124348517
7,100.5548575,259.4616199,1.000029729,1.124347469,1.000029729,1.124347469
7,101.5509524,260.4596046,1.000029806,1.12441125,1.000029806,1.12441125
7,102.5506168,261.4594325,1.000029807,1.124412032,1.000029807,1.124412032
7,103.5456174,262.4568832,1.000029805,1.124411086,1.000029805,1.124411086
7,88.57992853,254.8122271,1.000029746,1.124361258,1.000029746,1.124361258
7,88.89675611,255.4179612,1.000029578,1.124220927,1.000029578,1.124220927
7,89.89367105,256.4161884,1.000029654,1.124284315,1.000029654,1.124284315
7,90.8902543,257.4142392,1.000029713,1.12433403,1.000029713,1.12433403
7,91.88800126,258.412963,1.00002978,1.124389705,1.00002978,1.124389705
7,69.09987796,244.3838751,1.000029713,1.124334112,1.000029713,1.124334112
7,69.88803114,245.2338442,1.000029856,1.124453529,1.000029856,1.124453529
7,70.73775889,246.1282938,1.00002986,1.124456984,1.00002986,1.124456984
7,71.5993672,247.031913,1.000029866,1.124461797,1.000029866,1.124461797
7,72.45657376,247.9333012,1.000029879,1.124472596,1.000029879,1.124472596
7,73.34565871,248.8573484,1.000029903,1.124492428,1.000029903,1.124492428
7,74.08328432,249.679049,1.000029856,1.124453509,1.000029856,1.124453509
7,75.0804685,250.677151,1.000030023,1.124592579,1.000030023,1.124592579
7,76.0804685,251.677151,1.000030024,1.124593258,1.000030024,1.124593258
7,75.19237938,251.4153883,1.00002935,1.124028866,1.00002935,1.124028866
7,75.62824296,252.0369985,1.000029711,1.124331955,1.000029711,1.124331955
7,76.62586833,253.0354158,1.00002979,1.124398237,1.00002979,1.124398237
7,77.62453871,254.0345377,1.000029927,1.124512283,1.000029927,1.124512283
7,76.90231519,253.8971668,1.000029671,1.124299043,1.000029671,1.124299043
7,77.35203199,254.5327643,1.000029912,1.124500205,1.000029912,1.124500205
7,78.34909193,255.5308294,1.000030061,1.124623509,1.000030061,1.124623509
7,79.34689082,256.5293936,1.000030137,1.124686731,1.000030137,1.124686731
7,80.34636631,257.5290544,1.000030758,1.125195965,1.000030758,1.125195965
7,79.14822083,257.104261,1.000029917,1.124503826,1.000029917,1.124503826
7,79.62544817,257.7637262,1.000029787,1.124395646,1.000029787,1.124395646
7,80.62518499,258.7635559,1.00002972,1.124340051,1.00002972,1.124340051
7,81.62465203,259.7632137,1.00002972,1.124339968,1.00002972,1.124339968
7,82.62148213,260.7611961,1.000029988,1.124563468,1.000029988,1.124563468
7,83.61752257,261.7586967,1.00003006,1.124622808,1.00003006,1.124622808
7,84.61690074,262.7583074,1.000030132,1.124682858,1.000030132,1.124682858
7,85.61634139,263.75796,1.000030202,1.124740606,1.000030202,1.124740606
7,84.00143111,263.1267593,1.000029553,1.124199559,1.000029553,1.124199559
7,84.59656945,263.8726305,1.000029663,1.124291628,1.000029663,1.124291628
7,85.59363363,264.870799,1.000029756,1.124369952,1.000029756,1.124369952
7,86.59158261,265.8695296,1.0000299,1.124489588,1.0000299,1.124489588
7,87.58793362,266.8672888,1.000029899,1.124489156,1.000029899,1.124489156
7,88.58583481,267.8660098,1.000029899,1.124489506,1.000029899,1.124489506
7,86.54042578,266.9984056,1.000029329,1.124011179,1.000029329,1.124011179
7,87.54042578,267.9984056,1.000029724,1.12434264,1.000029724,1.12434264
7,88.53434991,268.9946853,1.000029854,1.124451534,1.000029854,1.124451534
7,89.53310628,269.9939296,1.000029795,1.124402718,1.000029795,1.124402718
7,90.52999913,270.9920556,1.000029917,1.124503744,1.000029917,1.124503744
7,70.21072186,257.8223005,1.000030237,1.124769635,1.000030237,1.124769635
7,70.64004134,258.4018095,1.000029992,1.124566679,1.000029992,1.124566679
7,71.63659761,259.39929,1.000029992,1.124566144,1.000029992,1.124566144
7,72.6351178,260.3982183,1.000029993,1.124566926,1.000029993,1.124566926
7,73.63211696,261.3960667,1.000029991,1.124565979,1.000029991,1.124565979
7,74.62548549,262.3913581,1.000030144,1.124692109,1.000030144,1.124692109
7,75.62548549,263.3913581,1.000030062,1.124624806,1.000030062,1.124624806
7,74.40470389,262.825936,1.000029849,1.124447668,1.000029849,1.124447668
7,75.23005921,263.7024376,1.00002986,1.124456717,1.00002986,1.124456717
7,76.22695116,264.7002586,1.000029973,1.124550623,1.000029973,1.124550623
7,73.73885399,263.2321566,1.000028678,1.123455157,1.000028678,1.123455157
7,74.7380619,264.2315911,1.00002946,1.124121773,1.00002946,1.124121773
7,75.73522119,265.2295824,1.000029522,1.12417331,1.000029522,1.12417331
7,76.73465797,266.2291879,1.000029586,1.124227107,1.000029586,1.124227107
7,77.73256562,267.227736,1.000029649,1.124280249,1.000029649,1.124280249
7,78.72961109,268.2257046,1.000029725,1.124343852,1.000029725,1.124343852
7,79.7287654,269.2251283,1.000029789,1.124397558,1.000029789,1.124397558
7,80.72685491,270.2238381,1.000029856,1.124453529,1.000029856,1.124453529
7,80.2575549,270.232935,1.000029424,1.124090803,1.000029424,1.124090803
7,80.29403725,270.5809499,1.000029369,1.124044609,1.000029369,1.124044609
7,81.29065365,271.5786694,1.000029427,1.124093448,1.000029427,1.124093448
7,82.28897441,272.5775474,1.000029499,1.124154104,1.000029499,1.124154104
7,83.28645863,273.5758807,1.000029563,1.124207667,1.000029563,1.124207667
7,84.28384354,274.5741627,1.0000297,1.124323161,1.0000297,1.124323161
7,85.28293818,275.5735728,1.000029701,1.124323757,1.000029701,1.124323757
7,86.27969667,276.5714779,1.000029764,1.124376077,1.000029764,1.124376077
7,85.46309635,276.3969132,1.000029482,1.124140173,1.000029482,1.124140173
7,85.65155035,276.8699824,1.000029639,1.124271726,1.000029639,1.124271726
7,86.648861,277.8682437,1.000029733,1.124350305,1.000029733,1.124350305
7,87.64707108,278.8670957,1.000029825,1.124427638,1.000029825,1.124427638
7,88.64316035,279.8646071,1.000029963,1.124541978,1.000029963,1.124541978
7,89.64067004,280.8630346,1.000030045,1.12461037,1.000030045,1.12461037
7,88.29349425,280.376544,1.000029362,1.124038521,1.000029362,1.124038521
7,89.28977355,281.374181,1.000030309,1.124828641,1.000030309,1.124828641
7,90.28792907,282.3730185,1.000030381,1.124887839,1.000030381,1.124887839
7,88.25621909,281.450705,1.000029927,1.124512365,1.000029927,1.124512365
7,89.06310453,282.3274279,1.000029863,1.124458774,1.000029863,1.124458774
7,89.5383965,282.9939793,1.030153221,1.978117545,1.030153221,1.978117545
7,25.64810304,219.6412158,1.000029141,1.123851306,1.000029141,1.123851306
7,26.64668315,220.6387839,1.000029263,1.123954894,1.000029263,1.123954894
7,27.64668315,221.6387839,1.000029327,1.124008945,1.000029327,1.124008945
7,28.64590646,222.6375386,1.000029392,1.124063695,1.000029392,1.124063695
7,29.64562242,223.637097,1.000029454,1.124116009,1.000029454,1.124116009
7,30.64407921,224.6347687,1.000029523,1.12417409,1.000029523,1.12417409
7,31.64344619,225.6338406,1.000029587,1.124228072,1.000029587,1.124228072
7,32.64234804,226.6322745,1.000029653,1.124283268,1.000029653,1.124283268
7,33.64188951,227.6316378,1.000029914,1.124501233,1.000029914,1.124501233
7,34.02431046,227.7896855,1.000029955,1.124535928,1.000029955,1.124535928
7,34.80312756,228.4927525,1.000029859,1.124455442,1.000029859,1.124455442
7,35.80312756,229.4927525,1.000030016,1.124586031,1.000030016,1.124586031
7,36.80111591,230.4901736,1.000030094,1.124651315,1.000030094,1.124651315
7,37.80099427,231.4900212,1.000030178,1.124720199,1.000030178,1.124720199
7,37.8378576,231.2981785,1.000030233,1.124766109,1.000030233,1.124766109
7,38.71583885,232.1488086,1.000030201,1.124739905,1.000030201,1.124739905
7,39.71462322,233.1473507,1.000030272,1.124798093,1.000030272,1.124798093
7,40.71409817,234.1467343,1.000030338,1.124852366,1.000030338,1.124852366
7,38.95402794,231.8823401,1.000028385,1.123201615,1.000028385,1.123201615
7,39.95280483,232.8808839,1.000028633,1.123416133,1.000028633,1.123416133
7,40.95128627,233.8791136,1.000028695,1.123470051,1.000028695,1.123470051
7,41.95101557,234.8788044,1.000028763,1.123528177,1.000028763,1.123528177
7,42.63510524,235.523985,1.000028618,1.12340357,1.000028618,1.12340357
7,43.63496433,236.5238294,1.000028686,1.12346244,1.000028686,1.12346244
7,44.63312554,237.5218359,1.000028744,1.123511724,1.000028744,1.123511724
7,45.6315766,238.5201873,1.000028806,1.123565071,1.000028806,1.123565071
7,46.62984219,239.5183741,1.000000001,1.017296182,1.000000001,1.017296182
7,47.62968807,240.5182157,1.000000001,1.017304306,1.000000001,1.017304306
7,48.6272087,241.5157116,1.000000001,1.017304069,1.000000001,1.017304069
7,49.62467739,242.5131972,1.000029623,1.124258275,1.000029623,1.124258275
7,50.62295523,243.5115139,1.000029623,1.124258275,1.000029623,1.124258275
7,51.6219095,244.5105078,1.000029684,1.124309294,1.000029684,1.124309294
7,52.62050191,245.5091744,1.000029818,1.124421181,1.000029818,1.124421181
7,53.61919752,246.5079572,1.000029818,1.124421264,1.000029818,1.124421264
7,54.61884308,247.5076313,1.000029884,1.124476566,1.000029884,1.124476566
7,55.61730863,248.5062406,1.000029942,1.124525144,1.000029942,1.124525144
7,56.61501086,249.5041872,1.000030015,1.12458566,1.000030015,1.12458566
7,57.61342034,250.5027853,1.000030079,1.124638523,1.000030079,1.124638523
7,56.49472518,249.6326555,1.00002933,1.124011957,1.00002933,1.124011957
7,57.4927646,250.6309228,1.00002933,1.124011855,1.00002933,1.124011855
7,58.4909594,251.6293489,1.000029558,1.124203951,1.000029558,1.124203951
7,59.48975114,252.6283093,1.000029444,1.124108092,1.000029444,1.124108092
7,60.48768662,253.6265558,1.00002967,1.124297564,1.00002967,1.124297564
7,61.48728678,254.6262205,1.00002978,1.124389973,1.00002978,1.124389973
7,58.09712925,251.8816588,1.000028486,1.123289521,1.000028486,1.123289521
7,59.09448901,252.8793694,1.000029076,1.123796465,1.000029076,1.123796465
7,60.09307297,253.8781574,1.000029373,1.124047725,1.000029373,1.124047725
7,61.09118612,254.8765631,1.000029454,1.124116009,1.000029454,1.124116009
7,62.09078229,255.8762262,1.000029528,1.124178563,1.000029528,1.124178563
7,63.0886275,256.8744502,1.000029613,1.124249938,1.000029613,1.124249938
7,64.08617745,257.872455,1.000029709,1.124330825,1.000029709,1.124330825
7,63.76496,257.8003034,1.000030184,1.124725558,1.000030184,1.124725558
7,64.56395389,258.6375654,1.00003009,1.124647772,1.00003009,1.124647772
7,65.56192666,259.6359412,1.000030089,1.124647092,1.000030089,1.124647092
7,66.56008478,260.6344824,1.00003009,1.124648122,1.00003009,1.124648122
7,67.55942481,261.6339655,1.00003009,1.12464734,1.00003009,1.12464734
7,66.75070349,261.217809,1.000030038,1.124604748,1.000030038,1.124604748
7,67.75048287,262.2176363,1.000030038,1.124604748,1.000030038,1.124604748
7,52.38211753,249.1086004,1.000029704,1.124326613,1.000029704,1.124326613
7,53.07153329,249.8124942,1.000029767,1.124379119,1.000029767,1.124379119
7,54.07039313,250.8114208,1.000029879,1.124472061,1.000029879,1.124472061
7,55.06739978,251.8086438,1.00002996,1.124539982,1.00002996,1.124539982
7,56.06685376,252.8081444,1.00003004,1.124606045,1.00003004,1.124606045
7,57.06490802,253.8063897,1.000030119,1.124671463,1.000030119,1.124671463
7,58.06448365,254.8060122,1.000030195,1.12473436,1.000030195,1.12473436
7,57.26163227,254.2036856,1.000029444,1.124107579,1.000029444,1.124107579
7,56.51406705,253.6327836,1.000029917,1.124504176,1.000029917,1.124504176
7,57.14979276,254.3049678,1.000029792,1.124399717,1.000029792,1.124399717
7,58.14762056,255.3030346,1.000030215,1.124751079,1.000030215,1.124751079
7,59.14416127,256.2999968,1.000030215,1.12475079,1.000030215,1.12475079
7,60.14337935,257.2993191,1.000030215,1.124751079,1.000030215,1.124751079
7,61.14337935,258.2993191,1.000030216,1.124751841,1.000030216,1.124751841
7,62.14060067,259.2969714,1.000030216,1.124751573,1.000030216,1.124751573
7,63.13823877,260.2950002,1.000030215,1.124751409,1.000030215,1.124751409
7,62.31069214,259.7703882,1.000029485,1.124142328,1.000029485,1.124142328
7,62.69656313,260.2563024,1.000029606,1.124243901,1.000029606,1.124243901
7,63.69392108,261.2541089,1.000029666,1.124294195,1.000029666,1.124294195
7,64.69150015,262.2521229,1.000029739,1.124355915,1.000029739,1.124355915
7,65.6890413,263.2501293,1.000029808,1.124413409,1.000029808,1.124413409
7,66.68725013,264.2486937,1.000029874,1.124468462,1.000029874,1.124468462
7,65.39956734,263.4102996,1.000029202,1.123903345,1.000029202,1.123903345
7,66.39929715,264.4100819,1.000029498,1.124153324,1.000029498,1.124153324
7,67.39474347,265.4064551,1.000029588,1.124229016,1.000029588,1.124229016
7,68.39424228,266.4060604,1.000029684,1.124309191,1.000029684,1.124309191
7,69.3926034,267.4047836,1.000029779,1.124389274,1.000029779,1.124389274
7,70.38996586,268.4027509,1.000029903,1.124492181,1.000029903,1.124492181
7,71.3877557,269.4010653,1.000030003,1.124575572,1.000030003,1.124575572
7,72.38527828,270.3991955,1.00003008,1.124639389,1.00003008,1.124639389
7,71.79175438,270.1980319,1.0000302,1.124738359,1.0000302,1.124738359
7,65.08440549,265.1300053,1.00002967,1.124298016,1.00002967,1.124298016
7,65.73684905,265.846235,1.000029659,1.124288526,1.000029659,1.124288526
7,66.7354368,266.8450927,1.000029659,1.124288341,1.000029659,1.124288341
8,1.057802079,1.565442818,1,1,1,1
8,2.057794213,2.56544049,1,1,1,1
8,3.057787412,3.565438794,1,1,1,1
8,4.057767199,4.56543408,1,1,1,1
8,5.028787979,5.558894411,1,1,1,1
8,53.37216275,217.5933492,1,1,1,1
8,54.37198635,218.5932054,1,1,1,1
8,55.371582,219.5928803,1,1,1,1
8,56.37139899,220.5927351,1,1,1,1
8,57.37121267,221.5925893,1,1,1,1
8,58.02134025,222.3216557,1,1,1,1
8,59.02095671,223.3213618,1,1,1,1
8,60.02071286,224.3211772,1,1,1,1
8,61.02051448,225.3210289,1,1,1,1
8,62.0203128,226.32088,1,1,1,1
8,63.02010781,227.3207304,1,1,1,1
8,64.01989952,228.3205801,1,1,1,1
8,65.01963502,229.3203915,1,1,1,1
8,66.01942012,230.3202399,1,1,1,1
8,67.01920192,231.3200876,1,1,1,1
8,67.64534164,232.0614304,1,1,1,1
8,68.64511806,233.061277,1,1,1,1
8,69.64489118,234.0611229,1,1,1,1
8,70.64466099,235.0609682,1,1,1,1
8,71.64442749,236.0608128,1,1,1,1
8,72.6438947,237.0604617,1,1,1,1
8,73.36901977,237.8807884,1,1,1,1
8,74.36877727,238.8806312,1,1,1,1
8,75.36847002,239.8804338,1,1,1,1
8,76.36822091,240.8802752,1,1,1,1
8,77.3679685,241.880116,1,1,1,1
8,78.36771279,242.8799561,1,1,1,1
8,79.36745377,243.8797956,1,1,1,1
8,80.36712586,244.879594,1,1,1,1
8,81.36659461,245.8792703,1,1,1,1
8,82.36632568,246.8791078,1,1,1,1
8,82.91795308,247.6097364,1,1,1,1
8,83.91733645,248.6093681,1,1,1,1
8,84.91650437,249.6088751,1,1,1,1
8,85.9162237,250.6087101,1,1,1,1
8,86.91586874,251.608503,1,1,1,1
8,87.63980794,252.4484686,1,1,1,1
8,88.63922861,253.4481348,1,1,1,1
8,89.6388624,254.4479254,1,1,1,1
8,90.63856613,255.4477572,1,1,1,1
8,91.63826655,256.4475883,1,1,1,1
8,92.63796367,257.4474188,1,1,1,1
8,93.63765748,258.4472486,1,1,1,1
8,94.63727062,259.4470351,1,1,1,1
8,95.63695783,260.4468636,1,1,1,1
8,96.63664173,261.4466914,1,1,1,1
8,97.10955428,262.1608642,1,1,1,1
8,98.10923331,263.1606909,1,1,1,1
8,99.10890905,264.1605169,1,1,1,1
8,100.1085815,265.1603423,1,1,1,1
8,101.1082506,266.160167,1,1,1,1
8,102.1078329,267.1599471,1,1,1,1
8,103.1074954,268.1597705,1,1,1,1
8,104.1071546,269.1595932,1,1,1,1
8,92.29475826,263.1820269,1,1,1,1
8,8.873049435,161.8605005,1,1,1,1
8,9.833100873,162.7144905,1,1,1,1
8,10.76571615,163.4908652,1,1,1,1
8,11.76564499,164.4906491,1,1,1,1
8,12.7656061,165.4905403,1,1,1,1
8,13.76551117,166.4902942,1,1,1,1
8,14.76546567,167.4901841,1,1,1,1
8,15.76541687,168.4900734,1,1,1,1
8,16.76536476,169.489962,1,1,1,1
8,17.7652955,170.489822,1,1,1,1
8,18.76523678,171.4897093,1,1,1,1
8,19.76517476,172.4895959,1,1,1,1
8,20.63926672,173.2692753,1,1,1,1
8,21.63911324,174.2690176,1,1,1,1
8,22.63904172,175.2689024,1,1,1,1
8,23.63896689,176.2687866,1,1,1,1
8,24.63888876,177.26867,1,1,1,1
8,25.63880732,178.2685529,1,1,1,1
8,26.6387014,179.2684055,1,1,1,1
8,27.63861335,180.268287,1,1,1,1
8,28.638522,181.2681679,1,1,1,1
8,29.63842735,182.2680481,1,1,1,1
8,30.47616088,183.0680309,1,1,1,1
8,31.47606016,184.0679099,1,1,1,1
8,32.47582608,185.0676361,1,1,1,1
8,33.47571874,186.0675137,1,1,1,1
8,34.33447699,186.9102358,1,1,1,1
8,35.33413655,187.9098651,1,1,1,1
8,36.33399057,188.9097098,1,1,1,1
8,37.33387048,189.909585,1,1,1,1
8,38.33362369,190.9093339,1,1,1,1
8,39.33349699,191.9092077,1,1,1,1
8,40.33333448,192.9090491,1,1,1,1
8,37.09909881,189.6770367,1,1,1,1
8,38.09885358,190.6767859,1,1,1,1
8,39.09860173,191.6765339,1,1,1,1
8,40.0984402,192.6763755,1,1,1,1
8,41.09830766,193.6762481,1,1,1,1
8,42.09817183,194.6761201,1,1,1,1
8,43.09803268,195.6759914,1,1,1,1
8,44.09789024,196.675862,1,1,1,1
8,45.0975623,197.6755695,1,1,1,1
8,46.0975623,198.6755695,1,1,1,1
8,46.78234376,199.4031116,1,1,1,1
8,47.78199586,200.402815,1,1,1,1
8,48.78183793,201.4026826,1,1,1,1
8,49.7816767,202.4025494,1,1,1,1
8,50.78151216,203.4024156,1,1,1,1
8,51.14334967,203.8886017,1,1,1,1
8,52.14296934,204.8882984,1,1,1,1
8,53.142797,205.888163,1,1,1,1
8,54.14262135,206.8880269,1,1,1,1
8,55.1424424,207.8878902,1,1,1,1
8,56.14221458,208.8877184,1,1,1,1
8,57.14184346,209.8874422,1,1,1,1
8,58.14184346,210.8874422,1,1,1,1
8,59.14145912,211.8871634,1,1,1,1
8,60.14145912,212.8871634,1,1,1,1
8,60.79104349,213.6385048,1,1,1,1
8,61.79084256,214.6383636,1,1,1,1
8,62.79063833,215.6382217,1,1,1,1
8,63.79037891,216.6380435,1,1,1,1
8,64.79016807,217.6379003,1,1,1,1
8,65.78995393,218.6377564,1,1,1,1
8,66.78951904,219.6374674,1,1,1,1
8,66.82937449,220.002317,1,1,1,1
8,67.82865662,221.0018444,1,1,1,1
8,68.82843243,222.0016983,1,1,1,1
8,69.82820494,223.0015516,1,1,1,1
8,70.82797415,224.0014041,1,1,1,1
8,71.82768152,225.0012191,1,1,1,1
8,72.82744412,226.0010703,1,1,1,1
8,73.82696271,227.0007715,1,1,1,1
8,74.8267187,228.0006215,1,1,1,1
8,75.82647138,229.0004708,1,1,1,1
8,76.2893609,229.6751265,1,1,1,1
8,77.28910875,230.6749747,1,1,1,1
8,78.28853398,231.6746316,1,1,1,1
8,79.28827522,232.6744784,1,1,1,1
8,80.28801316,233.6743246,1,1,1,1
8,81.28774779,234.6741701,1,1,1,1
8,82.28747912,235.674015,1,1,1,1
8,83.28713915,236.6738203,1,1,1,1
8,84.28686388,237.6736638,1,1,1,1
8,85.28658529,238.6735067,1,1,1,1
8,85.77796155,239.3881497,1,1,1,1
8,86.77760716,240.3879519,1,1,1,1
8,87.77703353,241.3876341,1,1,1,1
8,76.75831356,235.3823465,1,1,1,1
8,77.75774274,236.3819964,1,1,1,1
8,78.75722874,237.3816839,1,1,1,1
8,79.75638274,238.3811739,1,1,1,1
8,80.75611913,239.3810163,1,1,1,1
8,81.05360605,239.9630751,1,1,1,1
8,82.05307025,240.9627579,1,1,1,1
8,83.05246006,241.9623995,1,1,1,1
8,84.05218555,242.9622396,1,1,1,1
8,85.05190775,243.9620789,1,1,1,1
8,86.05162663,244.9619177,1,1,1,1
8,87.05134222,245.9617557,1,1,1,1
8,88.05098257,246.9615525,1,1,1,1
8,89.05069154,247.9613893,1,1,1,1
8,90.05039722,248.9612253,1,1,1,1
8,90.42679295,249.615452,1,1,1,1
8,91.4261952,250.615122,1,1,1,1
8,92.42559084,251.6147907,1,1,1,1
8,93.42520899,252.6145828,1,1,1,1
8,94.42459142,253.6142488,1,1,1,1
8,95.42427933,254.6140811,1,1,1,1
8,96.42396393,255.6139128,1,1,1,1
8,97.02538064,256.4022387,1,1,1,1
8,96.97294432,256.8435693,1,1,1,1
8,97.97262381,257.8433995,1,1,1,1
8,98.97189522,258.843016,1,1,1,1
8,99.41881399,259.5530705,1,1,1,1
8,100.4181568,260.5527274,1,1,1,1
8,96.90546606,259.1676648,1,1,1,1
8,97.90442512,260.167108,1,1,1,1
8,98.90410153,261.166936,1,1,1,1
8,99.90344774,262.1665908,1,1,1,1
8,100.9034477,263.1665908,1,1,1,1
8,101.9026974,264.1661993,1,1,1,1
8,102.9023606,265.1660247,1,1,1,1
8,103.9020204,266.1658494,1,1,1,1
8,94.80477104,261.7789422,1,1,1,1
8,95.8044577,262.7787691,1,1,1,1
8,96.8044577,263.7787691,1,1,1,1
8,97.8044577,264.7787691,1,1,1,1
8,98.80413444,265.7785941,1,1,1,1
8,99.80413444,266.7785941,1,1,1,1
8,100.8041344,267.7785941,1,1,1,1
8,101.8041344,268.7785941,1,1,1,1
8,102.8041344,269.7785941,1,1,1,1
8,103.8041344,270.7785941,1,1,1,1
8,104.6743554,271.7108531,1,1,1,1
8,105.6743554,272.7108531,1,1,1,1
8,106.6743554,273.7108531,1,1,1,1
8,107.6736503,274.7104913,1,1,1,1
8,108.6736503,275.7104913,1,1,1,1
9,1.027124397,1.486040007,1.027124397,1.486040007,1.027124397,1.486040007
9,1.029967589,1.732885707,1.029967589,1.732885707,1.029967589,1.732885707
9,1.338151942,2.386843915,1,1,1,1
9,2.311785263,3.377362914,1.980296199,1.996027808,1.980296199,1.996027808
9,2.820471989,4.219771354,1,1,1,1
9,3.820395082,5.219748341,1,1,1,1
9,4.820208837,6.219697447,1,1,1,1
9,74.62548549,262.3913581,1.000030144,1.124692109,1.000030144,1.124692109
9,75.62548549,263.3913581,1.000030062,1.124624806,1.000030062,1.124624806
9,74.40470389,262.825936,1.000029849,1.124447668,1.000029849,1.124447668
9,75.23005921,263.7024376,1.00002986,1.124456717,1.00002986,1.124456717
9,76.22695116,264.7002586,1.000029973,1.124550623,1.000029973,1.124550623
9,73.73885399,263.2321566,1.000028678,1.123455157,1.000028678,1.123455157
9,74.7380619,264.2315911,1.00002946,1.124121773,1.00002946,1.124121773
9,75.73522119,265.2295824,1.000029522,1.12417331,1.000029522,1.12417331
9,76.73465797,266.2291879,1.000029586,1.124227107,1.000029586,1.124227107
9,77.73256562,267.227736,1.000029649,1.124280249,1.000029649,1.124280249
9,78.72961109,268.2257046,1.000029725,1.124343852,1.000029725,1.124343852
9,79.7287654,269.2251283,1.000029789,1.124397558,1.000029789,1.124397558
9,80.72685491,270.2238381,1.000029856,1.124453529,1.000029856,1.124453529
9,80.2575549,270.232935,1.000029424,1.124090803,1.000029424,1.124090803
9,80.29403725,270.5809499,1.000029369,1.124044609,1.000029369,1.124044609
9,81.29065365,271.5786694,1.000029427,1.124093448,1.000029427,1.124093448
9,82.28897441,272.5775474,1.000029499,1.124154104,1.000029499,1.124154104
9,83.28645863,273.5758807,1.000029563,1.124207667,1.000029563,1.124207667
9,84.28384354,274.5741627,1.0000297,1.124323161,1.0000297,1.124323161
9,85.28293818,275.5735728,1.000029701,1.124323757,1.000029701,1.124323757
9,86.27969667,276.5714779,1.000029764,1.124376077,1.000029764,1.124376077
9,85.46309635,276.3969132,1.000029482,1.124140173,1.000029482,1.124140173
9,85.65155035,276.8699824,1.000029639,1.124271726,1.000029639,1.124271726
9,86.648861,277.8682437,1.000029733,1.124350305,1.000029733,1.124350305
9,87.64707108,278.8670957,1.000029825,1.124427638,1.000029825,1.124427638
9,88.64316035,279.8646071,1.000029963,1.124541978,1.000029963,1.124541978
9,89.64067004,280.8630346,1.000030045,1.12461037,1.000030045,1.12461037
9,88.29349425,280.376544,1.000029362,1.124038521,1.000029362,1.124038521
9,89.28977355,281.374181,1.000030309,1.124828641,1.000030309,1.124828641
9,90.28792907,282.3730185,1.000030381,1.124887839,1.000030381,1.124887839
9,88.25621909,281.450705,1.000029927,1.124512365,1.000029927,1.124512365
9,89.06310453,282.3274279,1.000029863,1.124458774,1.000029863,1.124458774
9,89.5383965,282.9939793,1.030153221,1.978117545,1.030153221,1.978117545
9,25.64810304,219.6412158,1.000029141,1.123851306,1.000029141,1.123851306
9,26.64668315,220.6387839,1.000029263,1.123954894,1.000029263,1.123954894
9,27.64668315,221.6387839,1.000029327,1.124008945,1.000029327,1.124008945
9,28.64590646,222.6375386,1.000029392,1.124063695,1.000029392,1.124063695
9,29.64562242,223.637097,1.000029454,1.124116009,1.000029454,1.124116009
9,30.64407921,224.6347687,1.000029523,1.12417409,1.000029523,1.12417409
9,31.64344619,225.6338406,1.000029587,1.124228072,1.000029587,1.124228072
9,32.64234804,226.6322745,1.000029653,1.124283268,1.000029653,1.124283268
9,33.64188951,227.6316378,1.000029914,1.124501233,1.000029914,1.124501233
9,34.02431046,227.7896855,1.000029955,1.124535928,1.000029955,1.124535928
9,34.80312756,228.4927525,1.000029859,1.124455442,1.000029859,1.124455442
9,35.80312756,229.4927525,1.000030016,1.124586031,1.000030016,1.124586031
9,36.80111591,230.4901736,1.000030094,1.124651315,1.000030094,1.124651315
9,37.80099427,231.4900212,1.000030178,1.124720199,1.000030178,1.124720199
9,37.8378576,231.2981785,1.000030233,1.124766109,1.000030233,1.124766109
9,38.71583885,232.1488086,1.000030201,1.124739905,1.000030201,1.124739905
9,39.71462322,233.1473507,1.000030272,1.124798093,1.000030272,1.124798093
9,40.71409817,234.1467343,1.000030338,1.124852366,1.000030338,1.124852366
9,38.95402794,231.8823401,1.000028385,1.123201615,1.000028385,1.123201615
9,39.95280483,232.8808839,1.000028633,1.123416133,1.000028633,1.123416133
9,40.95128627,233.8791136,1.000028695,1.123470051,1.000028695,1.123470051
9,41.95101557,234.8788044,1.000028763,1.123528177,1.000028763,1.123528177
9,42.63510524,235.523985,1.000028618,1.12340357,1.000028618,1.12340357
9,43.63496433,236.5238294,1.000028686,1.12346244,1.000028686,1.12346244
9,44.63312554,237.5218359,1.000028744,1.123511724,1.000028744,1.123511724
9,45.6315766,238.5201873,1.000028806,1.123565071,1.000028806,1.123565071
9,46.62984219,239.5183741,1.000000001,1.017296182,1.000000001,1.017296182
9,47.62968807,240.5182157,1.000000001,1.017304306,1.000000001,1.017304306
9,48.6272087,241.5157116,1.000000001,1.017304069,1.000000001,1.017304069
9,49.62467739,242.5131972,1.000029623,1.124258275,1.000029623,1.124258275
9,50.62295523,243.5115139,1.000029623,1.124258275,1.000029623,1.124258275
9,51.6219095,244.5105078,1.000029684,1.124309294,1.000029684,1.124309294
9,52.62050191,245.5091744,1.000029818,1.124421181,1.000029818,1.124421181
9,53.61919752,246.5079572,1.000029818,1.124421264,1.000029818,1.124421264
9,54.61884308,247.5076313,1.000029884,1.124476566,1.000029884,1.124476566
9,55.61730863,248.5062406,1.000029942,1.124525144,1.000029942,1.124525144
9,56.61501086,249.5041872,1.000030015,1.12458566,1.000030015,1.12458566
9,57.61342034,250.5027853,1.000030079,1.124638523,1.000030079,1.124638523
9,56.49472518,249.6326555,1.00002933,1.124011957,1.00002933,1.124011957
9,57.4927646,250.6309228,1.00002933,1.124011855,1.00002933,1.124011855
9,58.4909594,251.6293489,1.000029558,1.124203951,1.000029558,1.124203951
9,59.48975114,252.6283093,1.000029444,1.124108092,1.000029444,1.124108092
9,60.48768662,253.6265558,1.00002967,1.124297564,1.00002967,1.124297564
9,61.48728678,254.6262205,1.00002978,1.124389973,1.00002978,1.124389973
9,58.09712925,251.8816588,1.000028486,1.123289521,1.000028486,1.123289521
9,59.09448901,252.8793694,1.000029076,1.123796465,1.000029076,1.123796465
9,60.09307297,253.8781574,1.000029373,1.124047725,1.000029373,1.124047725
9,61.09118612,254.8765631,1.000029454,1.124116009,1.000029454,1.124116009
9,62.09078229,255.8762262,1.000029528,1.124178563,1.000029528,1.124178563
9,63.0886275,256.8744502,1.000029613,1.124249938,1.000029613,1.124249938
9,64.08617745,257.872455,1.000029709,1.124330825,1.000029709,1.124330825
9,63.76496,257.8003034,1.000030184,1.124725558,1.000030184,1.124725558
9,64.56395389,258.6375654,1.00003009,1.124647772,1.00003009,1.124647772
9,65.56192666,259.6359412,1.000030089,1.124647092,1.000030089,1.124647092
9,66.56008478,260.6344824,1.00003009,1.124648122,1.00003009,1.124648122
9,67.55942481,261.6339655,1.00003009,1.12464734,1.00003009,1.12464734
9,66.75070349,261.217809,1.000030038,1.124604748,1.000030038,1.124604748
9,67.75048287,262.2176363,1.000030038,1.124604748,1.000030038,1.124604748
9,52.38211753,249.1086004,1.000029704,1.124326613,1.000029704,1.124326613
9,53.07153329,249.8124942,1.000029767,1.124379119,1.000029767,1.124379119
9,54.07039313,250.8114208,1.000029879,1.124472061,1.000029879,1.124472061
9,55.06739978,251.8086438,1.00002996,1.124539982,1.00002996,1.124539982
9,56.06685376,252.8081444,1.00003004,1.124606045,1.00003004,1.124606045
9,57.06490802,253.8063897,1.000030119,1.124671463,1.000030119,1.124671463
9,58.06448365,254.8060122,1.000030195,1.12473436,1.000030195,1.12473436
9,57.26163227,254.2036856,1.000029444,1.124107579,1.000029444,1.124107579
9,56.51406705,253.6327836,1.000029917,1.124504176,1.000029917,1.124504176
9,57.14979276,254.3049678,1.000029792,1.124399717,1.000029792,1.124399717
9,58.14762056,255.3030346,1.000030215,1.124751079,1.000030215,1.124751079
9,59.14416127,256.2999968,1.000030215,1.12475079,1.000030215,1.12475079
9,60.14337935,257.2993191,1.000030215,1.124751079,1.000030215,1.124751079
9,61.14337935,258.2993191,1.000030216,1.124751841,1.000030216,1.124751841
9,62.14060067,259.2969714,1.000030216,1.124751573,1.000030216,1.124751573
9,63.13823877,260.2950002,1.000030215,1.124751409,1.000030215,1.124751409
9,62.31069214,259.7703882,1.000029485,1.124142328,1.000029485,1.124142328
9,62.69656313,260.2563024,1.000029606,1.124243901,1.000029606,1.124243901
9,63.69392108,261.2541089,1.000029666,1.124294195,1.000029666,1.124294195
9,64.69150015,262.2521229,1.000029739,1.124355915,1.000029739,1.124355915
9,65.6890413,263.2501293,1.000029808,1.124413409,1.000029808,1.124413409
9,66.68725013,264.2486937,1.000029874,1.124468462,1.000029874,1.124468462
9,65.39956734,263.4102996,1.000029202,1.123903345,1.000029202,1.123903345
9,66.39929715,264.4100819,1.000029498,1.124153324,1.000029498,1.124153324
9,67.39474347,265.4064551,1.000029588,1.124229016,1.000029588,1.124229016
9,68.39424228,266.4060604,1.000029684,1.124309191,1.000029684,1.124309191
9,69.3926034,267.4047836,1.000029779,1.124389274,1.000029779,1.124389274
9,70.38996586,268.4027509,1.000029903,1.124492181,1.000029903,1.124492181
9,71.3877557,269.4010653,1.000030003,1.124575572,1.000030003,1.124575572
9,72.38527828,270.3991955,1.00003008,1.124639389,1.00003008,1.124639389
9,71.79175438,270.1980319,1.0000302,1.124738359,1.0000302,1.124738359
9,65.08440549,265.1300053,1.00002967,1.124298016,1.00002967,1.124298016
9,65.73684905,265.846235,1.000029659,1.124288526,1.000029659,1.124288526
9,66.7354368,266.8450927,1.000029659,1.124288341,1.000029659,1.124288341
9,67.73477508,267.8445635,1.000029659,1.124288526,1.000029659,1.124288526
9,68.73192073,268.8423061,1.000029658,1.124288177,1.000029658,1.124288177
9,69.73004659,269.84084,1.000029659,1.124288362,1.000029659,1.124288362
9,70.7283757,270.8395467,1.000029722,1.124341181,1.000029722,1.124341181
9,70.2574009,270.703498,1.000029107,1.12382288,1.000029107,1.12382288
9,71.07042792,271.5592621,1.000030021,1.124590499,1.000030021,1.124590499
9,71.68699213,272.265607,1.000030007,1.124579196,1.000030007,1.124579196
9,72.68497818,273.2640772,1.000030093,1.124650182,1.000030093,1.124650182
9,73.68197528,274.2618192,1.00003017,1.124713625,1.00003017,1.124713625
9,72.82651901,273.866402,1.000029653,1.12428335,1.000029653,1.12428335
9,72.99009537,274.2344124,1.000029312,1.123996813,1.000029312,1.123996813
9,73.98810513,275.2329169,1.000029679,1.124305678,1.000029679,1.124305678
9,74.98578199,276.2311885,1.00002968,1.124306007,1.00002968,1.124306007
9,75.98578199,277.2311885,1.000029681,1.124306972,1.000029681,1.124306972
9,76.98289386,278.229081,1.000029681,1.124306623,1.000029681,1.124306623
9,77.97863206,279.2260003,1.000029727,1.124345311,1.000029727,1.124345311
9,78.97863206,280.2260003,1.000029807,1.124412484,1.000029807,1.124412484
9,79.9739335,281.222666,1.000029861,1.124457314,1.000029861,1.124457314
9,80.9739335,282.222666,1.000029939,1.124522036,1.000029939,1.124522036
9,81.97085577,283.2205206,1.000030005,1.124577281,1.000030005,1.124577281
9,82.97031392,284.2201462,1.00003013,1.124680879,1.00003013,1.124680879
9,81.79999976,283.7174296,1.000029886,1.124478212,1.000029886,1.124478212
9,82.6110986,284.5862704,1.000029817,1.124420996,1.000029817,1.124420996
9,83.61082555,285.5860823,1.000029891,1.124482162,1.000029891,1.124482162
9,82.22418013,284.9367478,1.000029756,1.124369952,1.000029756,1.124369952
9,82.83275265,285.664942,1.000029835,1.124435925,1.000029835,1.124435925
9,83.83069934,286.6635257,1.000029941,1.124524177,1.000029941,1.124524177
9,84.8284135,287.6619624,1.000030035,1.124602256,1.000030035,1.124602256
9,85.82308657,288.6583495,1.000030095,1.12465216,1.000030095,1.12465216
9,86.8207464,289.6567753,1.000030448,1.124943267,1.000030448,1.124943267
9,85.14102756,288.8462333,1.00002993,1.124515225,1.00002993,1.124515225
9,85.30216329,289.2747969,1.000029636,1.124269487,1.000029636,1.124269487
9,86.29892105,290.2725979,1.000029703,1.124325051,1.000029703,1.124325051
9,87.29685313,291.2712067,1.000029764,1.124376529,1.000029764,1.124376529
9,88.29533835,292.2701959,1.000029831,1.124432655,1.000029831,1.124432655
9,89.29409807,293.2693748,1.000030078,1.124638194,1.000030078,1.124638194
9,87.91620046,292.6905161,1.000029657,1.124286986,1.000029657,1.124286986
9,87.61662429,292.8200444,1.000029323,1.124005768,1.000029323,1.124005768
9,88.61416282,293.8183991,1.00002944,1.124104461,1.00002944,1.124104461
9,89.61328416,294.8178164,1.000029523,1.124174439,1.000029523,1.124174439
9,90.61017424,295.8157701,1.00002962,1.124256139,1.00002962,1.124256139
9,91.60702972,296.8137169,1.000029745,1.124360395,1.000029745,1.124360395
9,92.60634847,297.8132754,1.000029829,1.124430661,1.000029829,1.124430661
9,92.21784353,297.9148105,1.000029635,1.124268193,1.000029635,1.124268193
9,92.80106407,298.6450365,1.000029976,1.124552764,1.000029976,1.124552764
9,93.79784352,299.6429637,1.00003025,1.124780027,1.00003025,1.124780027
9,94.79784352,300.6429637,1.000030326,1.124842483,1.000030326,1.124842483
9,95.79424036,301.6406782,1.000030326,1.124842917,1.000030326,1.124842917
9,93.6791281,300.652853,1.000029341,1.124020627,1.000029341,1.124020627
9,94.22985685,301.3639208,1.000029385,1.124058201,1.000029385,1.124058201
9,95.22822177,302.362875,1.000029522,1.124173741,1.000029522,1.124173741
9,96.22365805,303.3599768,1.000029694,1.124318169,1.000029694,1.124318169
9,97.21992119,304.3576206,1.00002978,1.124389602,1.00002978,1.124389602
9,98.21959986,305.3574194,1.000029898,1.124488292,1.000029898,1.124488292
9,96.66035816,304.7492716,1.000029913,1.124501151,1.000029913,1.124501151
9,97.25252591,305.491675,1.000029852,1.124450341,1.000029852,1.124450341
9,97.74789717,306.1739849,1.000029767,1.124378585,1.000029767,1.124378585
9,98.74385882,307.171455,1.00002983,1.124431175,1.00002983,1.124431175
9,99.74108474,308.169729,1.000029905,1.124494238,1.000029905,1.124494238
9,100.7276519,309.1614279,1.000030444,1.124939633,1.000030444,1.124939633
9,101.7259041,310.160355,1.000030444,1.12493953,1.000030444,1.12493953
9,102.72271,311.1584072,1.000030443,1.124938745,1.000030443,1.124938745
9,68.5712241,287.1545155,1,1,1,1
9,69.56884441,288.1525224,1,1,1,1
9,36.93404054,253.4879629,1.029913371,1.974641282,1.029913371,1.974641282
9,25.70607078,234.9013418,1.00002965,1.124281194,1.00002965,1.124281194
9,22.63015416,227.929147,1.000030044,1.124609834,1.000030044,1.124609834